{
   "format_version":"1.16.0",
   "minecraft:entity":{
      "description":{
         "identifier":"true:child_cured",
         "is_spawnable":false,
         "is_summonable":true,
         "is_experimental":false
      },
      "component_groups":{
         "true:baby":{
            "minecraft:is_adult":{
               
            }
         },
         "true:teen":{
            "minecraft:transformation":{
               "into":"true:teen_cured"
            }
         }
      },
      "components":{
         "minecraft:type_family":{
            "family":[
               "cured_child"
            ]
         },
         "minecraft:timer":{
            "looping":false,
            "randomInterval":false,
            "time":1800,
            "time_down_event":{
               "event":"true:age"
            }
         },
         "minecraft:collision_box":{
            "width":0.5,
            "height":1.5
         },
         "minecraft:health":{
            "value":10,
            "max":10
         },
         "minecraft:scale":{
            "value":0.5
         },
         "minecraft:movement":{
            "value":0.2
         },
         "minecraft:underwater_movement":{
            "value":0.1
         },
         "minecraft:navigation.generic":{
            "is_amphibious":true,
            "can_path_over_water":false,
            "can_swim":true,
            "can_walk":true,
            "can_breach":true,
            "can_sink":true
         },
         "minecraft:behavior.random_swim":{
            "speed_multiplier":1.0,
            "priority":3,
            "xz_dist":32,
            "y_dist":8,
            "interval":4
         },
         "minecraft:jump.static":{
            
         },
         "minecraft:movement.basic":{
            
         },
         "minecraft:behavior.hurt_by_target":{
            "priority":1
         },
         "minecraft:behavior.move_indoors":{
            "priority":4,
            "speed_multiplier":1.0
         },
         "minecraft:behavior.look_at_player":{
            "priority":7,
            "look_distance":6.0,
            "probability":0.02
         },
         "minecraft:behavior.random_look_around":{
            "priority":9
         },
         "minecraft:on_death":{
            "event":"on:death",
            "target":"self"
         },
         "minecraft:on_hurt":{
            "event":"on:hurt",
            "target":"self"
         },
         "minecraft:on_hurt_by_player":{
            "event":"on:hurt_by_player",
            "target":"self"
         },
         "minecraft:behavior.random_stroll":{
            "priority":4,
            "speed_multiplier":1.0
         },
         "minecraft:persistent":{
            
         },
         "minecraft:pushable":{
            "is_pushable":true,
            "is_pushable_by_piston":true
         },
         "minecraft:physics":{
            
         }
      },
      "events":{
         "minecraft:entity_spawned":{
            "add":{
               "component_groups":[
                  "true:baby"
               ]
            }
         },
         "minecraft:entity_transformed":{
            "add":{
               "component_groups":[
                  "true:baby"
               ]
            }
         },
         "true:age":{
            "remove":{
               "component_groups":[
                  "true:baby"
               ]
            },
            "add":{
               "component_groups":[
                  "true:teen"
               ]
            }
         },
         "on:death":{
            "run_command":{
               "command":[
                  
               ]
            }
         },
         "on:hurt":{
            "run_command":{
               "command":[
                  "execute @s ~ ~ ~ particle true:blood_splash_particle ^ ^1 ^",
                  "execute @s ~ ~ ~ particle true:blood_splash_particle ^ ^2 ^",
                  "execute @p ~ ~ ~ playsound child.hurt"
               ]
            }
         },
         "on:hurt_by_player":{
            "run_command":{
               "command":[
                  "execute @s ~ ~ ~ particle true:blood_splash_particle ^ ^1 ^",
                  "execute @s ~ ~ ~ particle true:blood_splash_particle ^ ^2 ^",
                  "execute @p ~ ~ ~ playsound child.hurt"
               ]
            }
         }
      }
   }
}