{
   "format_version":"1.16.0",
   "minecraft:entity":{
      "description":{
         "identifier":"true:teen_cured",
         "is_spawnable":false,
         "is_summonable":true,
         "is_experimental":false
      },
      "component_groups":{
         "true:baby":{
            "minecraft:is_adult":{
               
            }
         },
         "true:blacksmith":{
            "minecraft:transformation":{
               "into":"true:blacksmith_cured"
            }
         },
         "true:butcher":{
            "minecraft:transformation":{
               "into":"true:butcher_cured"
            }
         },
         "true:explorer":{
            "minecraft:transformation":{
               "into":"true:explorer_cured"
            }
         },
         "true:farmer":{
            "minecraft:transformation":{
               "into":"true:farmer_cured"
            }
         },
         "true:fisherman":{
            "minecraft:transformation":{
               "into":"true:fisherman_cured"
            }
         },
         "true:guard":{
            "minecraft:transformation":{
               "into":"true:guard_cured"
            }
         },
         "true:librarian":{
            "minecraft:transformation":{
               "into":"true:librarian_cured"
            }
         },
         "true:nitwit":{
            "minecraft:transformation":{
               "into":"true:nitwit_cured"
            }
         },
         "true:stablehand":{
            "minecraft:transformation":{
               "into":"true:stablehand_cured"
            }
         },
         "true:toolsmith":{
            "minecraft:transformation":{
               "into":"true:toolsmith_cured"
            }
         }
      },
      "components":{
         "minecraft:type_family":{
            "family":[
               "cured_teen"
            ]
         },
         "minecraft:timer":{
            "looping":false,
            "randomInterval":false,
            "time":3600,
            "time_down_event":{
               "event":"true:age"
            }
         },
         "minecraft:collision_box":{
            "width":0.5,
            "height":1.5
         },
         "minecraft:health":{
            "value":10,
            "max":10
         },
         "minecraft:scale":{
            "value":0.8
         },
         "minecraft:movement":{
            "value":0.2
         },
         "minecraft:underwater_movement":{
            "value":0.1
         },
         "minecraft:navigation.generic":{
            "is_amphibious":true,
            "can_path_over_water":false,
            "can_swim":true,
            "can_walk":true,
            "can_breach":true,
            "can_sink":true
         },
         "minecraft:behavior.random_swim":{
            "speed_multiplier":1.0,
            "priority":3,
            "xz_dist":32,
            "y_dist":8,
            "interval":4
         },
         "minecraft:jump.static":{
            
         },
         "minecraft:movement.basic":{
            
         },
         "minecraft:behavior.hurt_by_target":{
            "priority":1
         },
         "minecraft:behavior.move_indoors":{
            "priority":4,
            "speed_multiplier":1.0
         },
         "minecraft:behavior.look_at_player":{
            "priority":7,
            "look_distance":6.0,
            "probability":0.02
         },
         "minecraft:behavior.random_look_around":{
            "priority":9
         },
         "minecraft:on_death":{
            "event":"on:death",
            "target":"self"
         },
         "minecraft:on_hurt":{
            "event":"on:hurt",
            "target":"self"
         },
         "minecraft:on_hurt_by_player":{
            "event":"on:hurt_by_player",
            "target":"self"
         },
         "minecraft:behavior.random_stroll":{
            "priority":4,
            "speed_multiplier":1.0
         },
         "minecraft:persistent":{
            
         },
         "minecraft:pushable":{
            "is_pushable":true,
            "is_pushable_by_piston":true
         },
         "minecraft:physics":{
            
         }
      },
      "events":{
         "minecraft:entity_spawned":{
            "add":{
               "component_groups":[
                  "true:baby"
               ]
            }
         },
         "minecraft:entity_transformed":{
            "add":{
               "component_groups":[
                  "true:baby"
               ]
            }
         },
         "on:death":{
            "run_command":{
               "command":[
                  
               ]
            }
         },
         "on:hurt":{
            "run_command":{
               "command":[
                  "execute @s ~ ~ ~ particle true:blood_splash_particle ^ ^1 ^",
                  "execute @s ~ ~ ~ particle true:blood_splash_particle ^ ^2 ^",
                  "execute @p ~ ~ ~ playsound teen.hurt"
               ]
            }
         },
         "on:hurt_by_player":{
            "run_command":{
               "command":[
                  "execute @s ~ ~ ~ particle true:blood_splash_particle ^ ^1 ^",
                  "execute @s ~ ~ ~ particle true:blood_splash_particle ^ ^2 ^",
                  "execute @p ~ ~ ~ playsound teen.hurt"
               ]
            }
         },
         "true:age":{
            "sequence":[
               {
                  "add":{
                     
                  }
               },
               {
                  "randomize":[
                     {
                        "weight":32,
                        "add":{
                           "component_groups":[
                              "true:blacksmith"
                           ]
                        },
                        "remove":{
                           "component_groups":[
                              "true:start"
                           ]
                        },
                        "run_command":{
                           "command":[
                              
                           ]
                        }
                     },
                     {
                        "weight":32,
                        "add":{
                           "component_groups":[
                              "true:butcher"
                           ]
                        },
                        "remove":{
                           "component_groups":[
                              "true:start"
                           ]
                        },
                        "run_command":{
                           "command":[
                              
                           ]
                        }
                     },
                     {
                        "weight":4,
                        "add":{
                           "component_groups":[
                              "true:explorer"
                           ]
                        },
                        "remove":{
                           "component_groups":[
                              "true:start"
                           ]
                        },
                        "run_command":{
                           "command":[
                              
                           ]
                        }
                     },
                     {
                        "weight":24,
                        "add":{
                           "component_groups":[
                              "true:farmer"
                           ]
                        },
                        "remove":{
                           "component_groups":[
                              "true:start"
                           ]
                        },
                        "run_command":{
                           "command":[
                              
                           ]
                        }
                     },
                     {
                        "weight":32,
                        "add":{
                           "component_groups":[
                              "true:fisherman"
                           ]
                        },
                        "remove":{
                           "component_groups":[
                              "true:start"
                           ]
                        },
                        "run_command":{
                           "command":[
                              
                           ]
                        }
                     },
                     {
                        "weight":32,
                        "add":{
                           "component_groups":[
                              "true:guard"
                           ]
                        },
                        "remove":{
                           "component_groups":[
                              "true:start"
                           ]
                        },
                        "run_command":{
                           "command":[
                              
                           ]
                        }
                     },
                     {
                        "weight":16,
                        "add":{
                           "component_groups":[
                              "true:librarian"
                           ]
                        },
                        "remove":{
                           "component_groups":[
                              "true:start"
                           ]
                        },
                        "run_command":{
                           "command":[
                              
                           ]
                        }
                     },
                     {
                        "weight":24,
                        "add":{
                           "component_groups":[
                              "true:nitwit"
                           ]
                        },
                        "remove":{
                           "component_groups":[
                              "true:start"
                           ]
                        },
                        "run_command":{
                           "command":[
                              
                           ]
                        }
                     },
                     {
                        "weight":24,
                        "add":{
                           "component_groups":[
                              "true:stablehand"
                           ]
                        },
                        "remove":{
                           "component_groups":[
                              "true:start"
                           ]
                        },
                        "run_command":{
                           "command":[
                              
                           ]
                        }
                     },
                     {
                        "weight":32,
                        "add":{
                           "component_groups":[
                              "true:toolsmith"
                           ]
                        },
                        "remove":{
                           "component_groups":[
                              "true:start"
                           ]
                        },
                        "run_command":{
                           "command":[
                              
                           ]
                        }
                     }
                  ]
               }
            ]
         }
      }
   }
}