{
   "format_version":"1.16.100",
   "minecraft:block":{
      "description":{
         "identifier":"true:rice_stage_7"
      },
      "components":{
         "minecraft:geometry":"geometry.generic_crop_large",
         "minecraft:entity_collision":false,
         "minecraft:pick_collision":{
            "origin":[
               -8,
               0,
               -8
            ],
            "size":[
               16,
               16,
               16
            ]
         },
         "minecraft:breathability":"air",
         "minecraft:material_instances":{
            "*":{
               "texture":"rice_stage_7",
               "render_method":"alpha_test"
            }
         },
         "minecraft:loot":"loot_tables/blocks/rice.json",
         "minecraft:destroy_time":0.0,
         "minecraft:block_light_absorption":0.0,
         "minecraft:placement_filter":{
            "conditions":[
               {
                  "allowed_faces":[
                     "up"
                  ],
                  "block_filter":[
                     "farmland"
                  ]
               }
            ]
         }
      },
      "events":{
         "grow":{
            "sequence":[
               {
                  "set_block_at_pos":{
                     "block_type":"true:rice_stage_7",
                     "block_offset":[
                        0,
                        0,
                        0
                     ]
                  }
               }
            ]
         }
      }
   }
}