{
   "format_version":"1.16.100",
   "minecraft:block":{
      "description":{
         "identifier":"true:rice_stage_0"
      },
      "components":{
         "minecraft:geometry":"geometry.generic_crop_small",
         "minecraft:entity_collision":false,
         "minecraft:pick_collision":{
            "origin":[
               -8,
               0,
               -8
            ],
            "size":[
               16,
               4,
               16
            ]
         },
         "minecraft:breathability":"air",
         "minecraft:material_instances":{
            "*":{
               "texture":"rice_stage_0",
               "render_method":"alpha_test"
            }
         },
         "minecraft:random_ticking":{
            "on_tick":{
               "event":"grow"
            }
         },
         "minecraft:loot":"loot_tables/blocks/rice_seed.json",
         "minecraft:destroy_time":0.0,
         "minecraft:block_light_absorption":0.0,
         "minecraft:placement_filter":{
            "conditions":[
               {
                  "allowed_faces":[
                     "up"
                  ],
                  "block_filter":[
                     "farmland"
                  ]
               }
            ]
         },
         "minecraft:on_interact":{
            "event":"grow_up",
            "condition":"query.get_equipped_item_name('main_hand') == 'bone_meal'"
         }
      },
      "events":{
         "grow":{
            "sequence":[
               {
                  "set_block_at_pos":{
                     "block_type":"true:rice_stage_1",
                     "block_offset":[
                        0,
                        0,
                        0
                     ]
                  }
               }
            ]
         },
         "grow_up":{
            "sequence":[
               {
                  "decrement_stack":{
                     
                  },
                  "set_block_at_pos":{
                     "block_type":"true:rice_stage_7",
                     "block_offset":[
                        0,
                        0,
                        0
                     ]
                  }
               },
               {
                  "run_command":{
                     "command":[
                        "particle minecraft:crop_growth_emitter ~ ~ ~"
                     ]
                  }
               }
            ]
         }
      }
   }
}