{
   "format_version":"1.16.100",
   "minecraft:item":{
      "description":{
         "identifier":"true:m416_extended",
         "category":"equipment"
      },
      "components":{
         "minecraft:creative_category":{
            "parent":"itemGroup.name.equipment"
         },
         "minecraft:max_stack_size":1,
         "minecraft:use_duration":0.4,
         "minecraft:cooldown":{
            "duration":0.4,
            "category":"m416_extended"
         },
         "minecraft:icon":{
            "texture":"m416_extended"
         },
         "minecraft:display_name":{
            "value":"§7[M416 - Extended Magazine]"
         },
         "minecraft:durability":{
            "max_durability":40
         },
         "minecraft:use_animation":"bow",
         "minecraft:on_use":{
            "on_use":{
               "event":"true:shoot",
               "target":"self"
            }
         },
         "minecraft:weapon":{
            "on_hurt_entity":{
               "event":"damage",
               "target":"self"
            },
            "on_not_hurt_entity":{
               "event":"damage",
               "target":"self"
            },
            "on_hit_block":{
               "event":"damage",
               "target":"self"
            }
         },
         "minecraft:hand_equipped":true
      },
      "events":{
         "true:shoot":{
            "sequence":[
               {
                  "condition":"query.remaining_durability >= 1",
                  "sequence":[
                     {
                        "damage":{
                           "type":"durability",
                           "amount":1,
                           "target":"self"
                        }
                     },
                     {
                        "shoot":{
                           "projectile":"true:bullet_m416",
                           "launch_power":2
                        }
                     },
                     {
                        "run_command":{
                           "command":[
                              "execute @s ~ ~ ~ particle minecraft:llama_spit_smoke ^-1 ^1 ^3"
                           ],
                           "target":"holder"
                        }
                     }
                  ]
               },
               {
                  "sequence":[
                     {
                        "condition":"query.remaining_durability == 0",
                        "sequence":[
                           {
                              "run_command":{
                                 "command":[
                                    "playsound gun.empty @s ~ ~ ~",
                                    "give @s true:m416_extended_ammo_empty",
                                    "replaceitem entity @s slot.weapon.mainhand 0 true:m416_empty 1 0"
                                 ],
                                 "target":"holder"
                              }
                           }
                        ]
                     }
                  ]
               }
            ]
         }
      }
   }
}