{
   "format_version":"1.10.0",
   "animation_controllers":{
      "controller.animation.backpack":{
         "states":{
            "default":{
               "transitions":[
                  {
                     "bag_down":"(query.is_sneaking) && (query.is_jumping)"
                  }
               ]
            },
            "bag_down":{
               "transitions":[
                  {
                     "default":"(1.0)"
                  }
               ],
               "on_entry":[
                  "@s minecraft:set_not_rideable"
               ]
            }
         }
      },
      "controller.animation.zombie_head_bag_down":{
         "states":{
            "default":{
               "transitions":[
                  {
                     "zombie_bag_down":"(query.is_sneaking) && (query.is_jumping)"
                  }
               ]
            },
            "zombie_bag_down":{
               "transitions":[
                  {
                     "default":"(1.0)"
                  }
               ],
               "on_entry":[
                  "@s minecraft:set_not_rideable"
               ]
            }
         }
      },
      "controller.animation.zombie_bag_rot_down":{
         "states":{
            "default":{
               "transitions":[
                  {
                     "zombie_bag_rot_down":"(query.is_sneaking) && (query.is_jumping)"
                  }
               ]
            },
            "zombie_bag_rot_down":{
               "transitions":[
                  {
                     "default":"(1.0)"
                  }
               ],
               "on_entry":[
                  "@s minecraft:set_not_rideable"
               ]
            }
         }
      }
   }
}