{
  "format_version": "1.8.0",
  "minecraft:spawn_rules": {
    "description": {
      "identifier": "minecraft:drowned",
      "population_control": "monster"
    },
    "conditions": [
      {
        "minecraft:spawns_on_surface": {},
        "minecraft:spawns_underground": {},
        "minecraft:brightness_filter": {
          "min": 0,
          "max": 7,
          "adjust_for_weather": true
        },
        "minecraft:difficulty_filter": {
          "min": "hard",
          "max": "hard"
        },
        "minecraft:weight": {
          "default": 1
        },
    
        "minecraft:permute_type": [
          {
            "weight": 1
          },
          {
            "weight": 1,
            "entity_type": "minecraft:zombie_villager_v2"
          }
        ],
        "minecraft:biome_filter": {
          "test": "has_biome_tag", "operator": "==", "value": "the_end"
        }
      }
    ]
  }
}