{
   "format_version":"1.12",
   "minecraft:recipe_shaped":{
      "description":{
         "identifier":"true:stone_carving_knife"
      },
      "tags":[
         "crafting_table"
      ],
      "pattern":[
         "",
         " # ",
         "S"
      ],
      "key":{
         "S":{
            "item":"minecraft:stick"
         },
         "#":{
            "item":"minecraft:cobblestone"
            
         }
      
      },
      "result":{
         "item":"true:stone_carving_knife",
         "count":1
      }
   }
}