{
   "format_version":"1.8.0",
   "minecraft:entity":{
      "description":{
         "identifier":"true:bag",
         "is_spawnable":true,
         "is_summonable":true,
         "is_experimental":false
        
      },
      "component_groups":{
         "minecraft:bag_owned":{
            "minecraft:inventory":{
               "inventory_size":5,
               "container_type":"hopper",
               "restrict_to_owner":false
            }
         }
      },
      "events":{
         "minecraft:entity_spawned":{
            "remove":{
               
            },
            "add":{
               "component_groups":[
                  "minecraft:bag_owned"
               ]
            }
         }
      },
      "components":{
         "minecraft:type_family":{
            "family":[
               "storage_bag"
            ]
         },
         "minecraft:health":{
            "value":200,
            "max":200
         },
         "minecraft:scale":{
            "value":1.2
         },
         "minecraft:collision_box":{
            "width":0.3,
            "height":0.3
         },

         "minecraft:knockback_resistance":{
            "value":100,
            "max":100
         },
         "minecraft:physics":{
            "has_gravity":true,
            "has_collision":true
         },
         "minecraft:pushable":{
            "is_pushable":true,
            "is_pushable_by_piston":true
         }
      }
   }
}