{
   "format_version":"1.16.100",
   "minecraft:item":{
      "description":{
         "identifier":"true:s1897_empty",
         "category":"equipment"
      },
      "components":{
         "minecraft:creative_category":{
            "parent":"itemGroup.name.equipment"
         },
         "minecraft:max_stack_size":1,
         "minecraft:use_duration":1.5,
         "minecraft:cooldown":{
            "duration":1.5,
            "category":"s1897_empty"
         },
         "minecraft:icon":{
            "texture":"s1897_empty"
         },
         "minecraft:display_name":{
            "value":"§7[S1897 §4(EMPTY)§7]"
         },
         "minecraft:use_animation":"bow",
         "minecraft:on_use":{
            "on_use":{
               "event":"true:shoot",
               "target":"self"
            }
         },
         "minecraft:weapon":{
            "on_hurt_entity":{
               "event":"damage",
               "target":"self"
            },
            "on_not_hurt_entity":{
               "event":"damage",
               "target":"self"
            },
            "on_hit_block":{
               "event":"damage",
               "target":"self"
            }
         },
         "minecraft:hand_equipped":true
      },
      "events":{
         "true:shoot":{
            "sequence":[
               {
                  "condition":"query.remaining_durability == 0",
                  "sequence":[
                     {
                        "run_command":{
                           "command":[
                              "playsound gun.empty @s ~ ~ ~"
                           ],
                           "target":"holder"
                        }
                     }
                  ]
               }
            ]
         }
      }
   }
}