{
   "format_version":"1.12",
   "minecraft:recipe_shaped":{
      "description":{
         "identifier":"true:gauge_12_shells"
      },
      "tags":[
         "ammo_table"
      ],
      "pattern":[
         "# #",
         "",
         " A "
      ],
      "key":{
         "A":{
            "item":"true:s1897_shells_empty"
         },
       
         "#":{
            "item":"true:pure_gunpowder"
            
         }
      
      },
      "result":{
         "item":"true:s1897_shells",
         "count":1
      }
   }
}