{
    "format_version":"1.12",
    "minecraft:recipe_shapeless":{
        "description":{
            "identifier":"true:s1897_ammo"
        },
        "tags":[
            "crafting_table"
        ],
        "ingredients":[
            {
                "item":"true:s1897_empty"
            },
            {
                "item":"true:s1897_shells"
            }
           
            
           
        ],
        "result":{
            "item":"true:s1897",
            "count":1
        }
    }
}