{
  "format_version": "1.8.0",
  "minecraft:spawn_rules": {
    "description": {
      "identifier": "true:hazmat",
      "population_control": "monster"
    },
    "conditions": [
      {
        "minecraft:spawns_on_surface": {},
        "minecraft:spawns_underground": {},
     
       
        "minecraft:weight": {
          "default": 20
        },
    
      
        "minecraft:biome_filter": {
          "test": "has_biome_tag", "operator": "==", "value": "mesa"
        }
      }
    ]
  }
}