{
    "format_version":"1.16.0",
    "minecraft:entity":{
        "description":{
            "identifier":"true:zombie_skeleton",
            "is_spawnable":false,
            "is_summonable":false,
            "is_experimental":false
        },
        "component_groups":{
            "true:baby":{
                "minecraft:is_baby":{
                    
                },
                "minecraft:interact":{
                    "interactions":[
                        {
                            "hurt_item":1,
                            "spawn_items":{
                                "table":"loot_tables/zombie_bones.json"
                            },
                            "on_interact":{
                                "filters":{
                                    "all_of":[
                                        {
                                            "test":"has_equipment",
                                            "subject":"other",
                                            "domain":"hand",
                                            "value":"true:stone_cleaver"
                                        },
                                        {
                                            "test":"has_component",
                                            "operator":"!=",
                                            "value":"minecraft:transformation"
                                        }
                                    ]
                                },
                                "event":"true:collect",
                                "target":"self"
                            },
                            "use_item":false,
                            "play_sounds":"saddle",
                            "interact_text":"action.interact.collect"
                        },
                        {
                            "hurt_item":1,
                            "spawn_items":{
                                "table":"loot_tables/zombie_bones.json"
                            },
                            "on_interact":{
                                "filters":{
                                    "all_of":[
                                        {
                                            "test":"has_equipment",
                                            "subject":"other",
                                            "domain":"hand",
                                            "value":"true:iron_cleaver"
                                        },
                                        {
                                            "test":"has_component",
                                            "operator":"!=",
                                            "value":"minecraft:transformation"
                                        }
                                    ]
                                },
                                "event":"true:collect",
                                "target":"self"
                            },
                            "use_item":false,
                            "play_sounds":"saddle",
                            "interact_text":"action.interact.collect"
                        },
                        {
                            "hurt_item":1,
                            "spawn_items":{
                                "table":"loot_tables/zombie_bones.json"
                            },
                            "on_interact":{
                                "filters":{
                                    "all_of":[
                                        {
                                            "test":"has_equipment",
                                            "subject":"other",
                                            "domain":"hand",
                                            "value":"true:gold_cleaver"
                                        },
                                        {
                                            "test":"has_component",
                                            "operator":"!=",
                                            "value":"minecraft:transformation"
                                        }
                                    ]
                                },
                                "event":"true:collect",
                                "target":"self"
                            },
                            "use_item":false,
                            "play_sounds":"saddle",
                            "interact_text":"action.interact.collect"
                        },
                        {
                            "hurt_item":1,
                            "spawn_items":{
                                "table":"loot_tables/zombie_bones.json"
                            },
                            "on_interact":{
                                "filters":{
                                    "all_of":[
                                        {
                                            "test":"has_equipment",
                                            "subject":"other",
                                            "domain":"hand",
                                            "value":"true:diamond_cleaver"
                                        },
                                        {
                                            "test":"has_component",
                                            "operator":"!=",
                                            "value":"minecraft:transformation"
                                        }
                                    ]
                                },
                                "event":"true:collect",
                                "target":"self"
                            },
                            "use_item":false,
                            "play_sounds":"saddle",
                            "interact_text":"action.interact.collect"
                        },
                        {
                            "hurt_item":1,
                            "spawn_items":{
                                "table":"loot_tables/zombie_bones.json"
                            },
                            "on_interact":{
                                "filters":{
                                    "all_of":[
                                        {
                                            "test":"has_equipment",
                                            "subject":"other",
                                            "domain":"hand",
                                            "value":"true:netherite_cleaver"
                                        },
                                        {
                                            "test":"has_component",
                                            "operator":"!=",
                                            "value":"minecraft:transformation"
                                        }
                                    ]
                                },
                                "event":"true:collect",
                                "target":"self"
                            },
                            "use_item":false,
                            "play_sounds":"saddle",
                            "interact_text":"action.interact.collect"
                        }
                    ]
                },
                "minecraft:damage_sensor":{
                    "triggers":[
                        {
                            "on_damage":{
                                "filters":{
                                    "test":"is_family",
                                    "subject":"other",
                                    "value":"player"
                                }
                            },
                            "deals_damage":false
                        }
                    ]
                },
                "minecraft:ageable":{
                    "duration":20,
                    "grow_up":{
                        "event":"true:collect",
                        "target":"self"
                    }
                }
            },
            "true:collect":{
                "minecraft:transformation":{
                    "into":"true:despawn"
                }
            }
        },
        "components":{
            "minecraft:type_family":{
                "family":[
                    "bones"
                ]
            },
            "minecraft:collision_box":{
                "width":0.5,
                "height":0.5
            },
            "minecraft:health":{
                "value":7,
                "max":7
            },
            "minecraft:despawn":{
                "despawn_from_distance":{
                    
                }
            },
            "minecraft:burns_in_daylight":{
                
            },
  "minecraft:behavior.float":{
            "priority":0
         },
            "minecraft:scale":{
                "value":1.0
            },
            "minecraft:knockback_resistance":{
                "value":100,
                "max":100
            },
            "minecraft:physics":{
                
            }
        },
        "events":{
            "minecraft:entity_spawned":{
                "add":{
                    "component_groups":[
                        "true:baby"
                    ]
                }
            },
            "minecraft:entity_transformed":{
                "add":{
                    "component_groups":[
                        "true:baby"
                    ]
                }
            },
            "true:collect":{
                "remove":{
                    "component_groups":[
                        "true:baby"
                    ]
                },
                "add":{
                    "component_groups":[
                        "true:collect"
                    ]
                }
            }
        }
    }
}