{
   "format_version":"1.12",
   "minecraft:recipe_shaped":{
      "description":{
         "identifier":"true:ammo_table"
      },
      "tags":[
         "crafting_table"
      ],
      "pattern":[
         "###",
         "#A#",
         "#B#"
      ],
      "key":{
         "A":{
            "item":"minecraft:planks"
         },
         "#":{
            "item":"minecraft:iron_ingot"
         },
         "B":{
            "item":"minecraft:diamond"
         }
      },
      "result":{
         "item":"true:ammo_table",
         "count":1
      }
   }
}