{
   "format_version":"1.12",
   "minecraft:recipe_shaped":{
      "description":{
         "identifier":"true:razor_wire"
      },
      "tags":[
         "crafting_table"
      ],
      "pattern":[
         "A#A",
         "#A#",
         "A#A"
      ],
      "key":{
         "A":{
            "item":"minecraft:chain"
         },
         "#":{
            "item":"minecraft:iron_nugget"
            
         }
      
      },
      "result":{
         "item":"true:razor_wire",
         "count":3
      }
   }
}