{
    "format_version":"1.12",
    "minecraft:recipe_shapeless":{
        "description":{
            "identifier":"true:mg3_empty_to_mg3"
        },
        "tags":[
            "crafting_table"
        ],
        "ingredients":[
            {
                "item":"true:mg3_empty"
            },
            {
                "item":"true:mg3_ammo"
            }
           
            
           
        ],
        "result":{
            "item":"true:mg3",
            "count":1
        }
    }
}