{
   "format_version":"1.12",
   "minecraft:recipe_shaped":{
      "description":{
         "identifier":"true:bullets_556mm"
      },
      "tags":[
         "mould_556"
      ],
      "pattern":[
         "AAA",
         "ABA",
         "ABA"
      ],
      "key":{
         "A":{
            "item":"true:melted_copper"
         },
       
         "B":{
            "item":"true:pure_gunpowder"
            
         }
      
      },
      "result":{
         "item":"true:bullets_556mm",
         "count":2
      }
   }
}