{
   "format_version":"1.16.0",
   "minecraft:entity":{
      "description":{
         "identifier":"true:loot_box",
         "is_spawnable":false,
         "is_summonable":true,
         "is_experimental":false,
         "runtime_identifier":"true:loot_box",
         "scripts":{
            "animate":[
               "supply_drop"
            ]
         },
         "animations":{
            "supply_drop":"animation.supply_drop"
         }
      },
      "component_groups":{
         "true:baby":{
            "minecraft:is_baby":{
               
            },
            "minecraft:timer":{
               "looping":false,
               "randomInterval":false,
               "time":13,
               "time_down_event":{
                  "event":"true:dropped"
               }
            }
         },
         "true:dropped":{
            "minecraft:transformation":{
               "into":"true:loot_box_dropped"
            }
         }
      },
      "components":{
         "minecraft:type_family":{
            "family":[
               "loot_box"
            ]
         },
         "minecraft:collision_box":{
            "width":1.0,
            "height":1.0
         },
         "minecraft:health":{
            "value":9999,
            "max":9999
         },
         "minecraft:scale":{
            "value":1.0
         },
         "minecraft:behavior.float":{
            "priority":0
         },
         "minecraft:physics":{
            
         }
      },
      "events":{
         "minecraft:entity_spawned":{
            "add":{
               "component_groups":[
                  "true:baby"
               ]
            }
         },
         "minecraft:entity_transformed":{
            "add":{
               "component_groups":[
                  "true:baby"
               ]
            }
         },
         "true:dropped":{
            "remove":{
               
            },
            "add":{
               "component_groups":[
                  "true:dropped"
               ]
            }
         }
      }
   }
}