{
   "format_version":"1.16.0",
   "minecraft:entity":{
      "description":{
         "identifier":"true:loot_box_dropped",
         "is_spawnable":false,
         "is_summonable":true,
         "is_experimental":false
      },
      "component_groups":{
         "true:baby":{
            "minecraft:is_baby":{
               
            },
            "minecraft:interact":{
               "interactions":[
                  {
                     "hurt_item":1,
                     "on_interact":{
                        "filters":{
                           "all_of":[
                              {
                                 "test":"has_equipment",
                                 "subject":"other",
                                 "domain":"hand",
                                 "value":"true:crowbar"
                              },
                              {
                                 "test":"has_component",
                                 "operator":"!=",
                                 "value":"minecraft:transformation"
                              }
                           ]
                        },
                        "event":"true:open",
                        "target":"self"
                     },
                     "use_item":false,
                     "play_sounds":"saddle",
                     "interact_text":"action.interact.open"
                  }
               ]
            }
         },
         "true:opened":{
            "minecraft:transformation":{
               "into":"true:despawn"
            }
         }
      },
      "components":{
         "minecraft:type_family":{
            "family":[
               "loot_box"
            ]
         },
         "minecraft:collision_box":{
            "width":1.0,
            "height":1.0
         },
         "minecraft:health":{
            "value":9999,
            "max":9999
         },
         "minecraft:scale":{
            "value":1.0
         },
         "minecraft:behavior.float":{
            "priority":0
         },
         "minecraft:damage_sensor":{
            "triggers":{
               "cause":"fall",
               "deals_damage":false
            }
         },
         "minecraft:physics":{
            
         }
      },
      "events":{
         "minecraft:entity_spawned":{
            "add":{
               "component_groups":[
                  "true:baby"
               ]
            }
         },
         "minecraft:entity_transformed":{
            "add":{
               "component_groups":[
                  "true:baby"
               ]
            }
         },
         "true:open":{
            "run_command":{
               "command":[
                  "function loot_drop"
               ]
            },
            "add":{
               "component_groups":[
                  "true:opened"
               ]
            }
         }
      }
   }
}