{
   "format_version":"1.16.0",
   "minecraft:entity":{
      "description":{
         "identifier":"true:sentry_gun_loaded",
         "is_spawnable":false,
         "is_summonable":false,
         "is_experimental":false
      },
      "component_groups":{
         "true:baby":{
            "minecraft:is_baby":{
               
            },
            "minecraft:ageable":{
               "duration":300,
               "grow_up":{
                  "event":"true:empty",
                  "target":"self"
               }
            },
            "minecraft:damage_sensor":{
               "triggers":[
                  {
                     "on_damage":{
                        "filters":{
                           "test":"is_family",
                           "subject":"other",
                           "value":"player"
                        }
                     },
                     "deals_damage":false
                  }
               ]
            }
         },
         "true:empty":{
            "minecraft:transformation":{
               "into":"true:sentry_gun_empty"
            }
         }
      },
      "components":{
         "minecraft:type_family":{
            "family":[
               "gun"
            ]
         },
         "minecraft:collision_box":{
            "width":0.5,
            "height":1.0
         },
         "minecraft:health":{
            "value":99999,
            "max":99999
         },
         "minecraft:fall_damage":{
            "value":0.0
         },
         "minecraft:movement":{
            "value":0.0
         },
         "minecraft:spawn_entity":{
            "entities":{
               "min_wait_time":299,
               "max_wait_time":299,
               "spawn_sound":"plop",
               "spawn_item":"true:sentry_gun_bullet_case_empty"
            }
         },
         "minecraft:behavior.random_look_around":{
            "priority":1
         },
         "minecraft:navigation.generic":{
            "is_amphibious":false,
            "can_path_over_water":false,
            "can_swim":false,
            "can_walk":false,
            "can_breach":false,
            "can_sink":false
         },
         "minecraft:movement.basic":{
            
         },
         "minecraft:jump.static":{
            
         },
         "minecraft:behavior.ranged_attack":{
            "attack_interval_min":30,
            "attack_interval_max":30,
            "charge_charged_trigger":0.0,
            "charge_shoot_trigger":1.0,
            "attack_radius":32,
            "burst_shots":30,
            "burst_interval":0.3
         },
         "minecraft:shooter":{
            "def":"true:bullet_sentry"
         },
         "minecraft:scale":{
            "value":0.7
         },
         "minecraft:behavior.nearest_attackable_target":{
            "priority":0,
            "entity_types":[
               {
                  "filters":{
                     "test":"is_family",
                     "subject":"other",
                     "value":"apocalypse"
                  },
                  "max_dist":32
               }
            ],
            "must_see":true
         },
         "minecraft:knockback_resistance":{
            "value":100,
            "max":100
         },
         "minecraft:physics":{
            
         }
      },
      "events":{
         "minecraft:entity_spawned":{
            "add":{
               "component_groups":[
                  "true:baby"
               ]
            }
         },
         "minecraft:entity_transformed":{
            "add":{
               "component_groups":[
                  "true:baby"
               ]
            }
         },
         "true:empty":{
            "remove":{
               "component_groups":[
                  "true:baby"
               ]
            },
            "add":{
               "component_groups":[
                  "true:empty"
               ]
            }
         }
      }
   }
}