{
   "format_version":"1.16.0",
   "minecraft:entity":{
      "description":{
         "identifier":"true:sentry_gun_empty",
         "is_spawnable":true,
         "is_summonable":true,
         "is_experimental":false
      },
      "component_groups":{
         "true:baby":{
            "minecraft:is_baby":{
               
            },
            "minecraft:interact":{
               "interactions":[
                  {
                     "on_interact":{
                        "filters":{
                           "all_of":[
                              {
                                 "test":"has_equipment",
                                 "subject":"other",
                                 "domain":"hand",
                                 "value":"true:sentry_gun_bullet_case_full"
                              },
                              {
                                 "test":"has_component",
                                 "operator":"!=",
                                 "value":"minecraft:transformation"
                              }
                           ]
                        },
                        "event":"true:load",
                        "target":"self"
                     },
                     "use_item":true,
                     "play_sounds":"saddle",
                     "interact_text":"action.interact.load"
                  },
                  {
                     "spawn_items":{
                        "table":"loot_tables/sentry_gun.json"
                     },
                     "on_interact":{
                        "filters":{
                           "all_of":[
                              {
                                 "test":"has_equipment",
                                 "subject":"other",
                                 "domain":"hand",
                                 "value":"true:crowbar"
                              },
                              {
                                 "test":"has_component",
                                 "operator":"!=",
                                 "value":"minecraft:transformation"
                              }
                           ]
                        },
                        "event":"true:despawn",
                        "target":"self"
                     },
                     "use_item":false,
                     "interact_text":"action.interact.take_sentry"
                  }
               ]
            },
            "minecraft:damage_sensor":{
               "triggers":[
                  {
                     "on_damage":{
                        "filters":{
                           "test":"is_family",
                           "subject":"other",
                           "value":"player"
                        }
                     },
                     "deals_damage":false
                  }
               ]
            }
         },
         "true:load":{
            "minecraft:transformation":{
               "into":"true:sentry_gun_loaded"
            }
         },
         "true:go":{
            "minecraft:transformation":{
               "into":"true:despawn"
            }
         }
      },
      "components":{
         "minecraft:type_family":{
            "family":[
               "gun"
            ]
         },
         "minecraft:collision_box":{
            "width":0.5,
            "height":0.5
         },
         "minecraft:health":{
            "value":99999,
            "max":99999
         },
         "minecraft:scale":{
            "value":0.7
         },
         "minecraft:knockback_resistance":{
            "value":100,
            "max":100
         },
         "minecraft:physics":{
            
         }
      },
      "events":{
         "minecraft:entity_spawned":{
            "add":{
               "component_groups":[
                  "true:baby"
               ]
            }
         },
         "minecraft:entity_transformed":{
            "add":{
               "component_groups":[
                  "true:baby"
               ]
            }
         },
         "true:load":{
            "remove":{
               "component_groups":[
                  "true:baby"
               ]
            },
            "add":{
               "component_groups":[
                  "true:load"
               ]
            }
         },
         "true:despawn":{
            "remove":{
               "component_groups":[
                  "true:baby"
               ]
            },
            "add":{
               "component_groups":[
                  "true:go"
               ]
            }
         }
      }
   }
}