{
   "format_version":"1.16.0",
   "minecraft:entity":{
      "description":{
         "identifier":"true:zombie_miner_changing",
         "is_spawnable":false,
         "is_summonable":false,
         "is_experimental":false
      },
      "component_groups":{
         "true:baby":{
            "minecraft:is_baby":{
               
            },
            "minecraft:timer":{
               "looping":false,
               "randomInterval":false,
               "time":7,
               "time_down_event":{
                  "event":"true:changing"
               }
            }
         },
         "true:dead":{
            "minecraft:transformation":{
               "into":"true:zombie_miner_dead"
            }
         },
         "true:nothing":{
            "minecraft:transformation":{
               "into":"true:zombie_miner"
            }
         },
         "true:cure_1":{
            "minecraft:transformation":{
               "into":"true:male_cured"
            }
         },
         "true:cure_2":{
            "minecraft:transformation":{
               "into":"true:female_cured"
            }
         }
      },
      "components":{
         "minecraft:type_family":{
            "family":[
               "turning"
            ]
         },
         "minecraft:collision_box":{
            "width":0.5,
            "height":0.5
         },
         "minecraft:health":{
            "value":10,
            "max":10
         },
         "minecraft:scale":{
            "value":1.0
         },
         "minecraft:knockback_resistance":{
            "value":100,
            "max":100
         },
         "minecraft:physics":{
            
         }
      },
      "events":{
         "minecraft:entity_spawned":{
            "add":{
               "component_groups":[
                  "true:baby"
               ]
            }
         },
         "minecraft:entity_transformed":{
            "add":{
               "component_groups":[
                  "true:baby"
               ]
            }
         },
         "true:changing":{
            "sequence":[
               {
                  "add":{
                     
                  }
               },
               {
                  "randomize":[
                     {
                        "weight":33,
                        "add":{
                           "component_groups":[
                              "true:dead"
                           ]
                        },
                        "remove":{
                           "component_groups":[
                              "true:baby"
                           ]
                        }
                     },
                     {
                        "weight":33,
                        "add":{
                           "component_groups":[
                              "true:nothing"
                           ]
                        },
                        "remove":{
                           "component_groups":[
                              "true:baby"
                           ]
                        }
                     },
                     {
                        "weight":4,
                        "add":{
                           "component_groups":[
                              "true:cure_1"
                           ]
                        },
                        "remove":{
                           "component_groups":[
                              "true:baby"
                           ]
                        }
                     },
                     {
                        "weight":4,
                        "add":{
                           "component_groups":[
                              "true:cure_2"
                           ]
                        },
                        "remove":{
                           "component_groups":[
                              "true:baby"
                           ]
                        }
                     }
                  ]
               }
            ]
         }
      }
   }
}