{
   "format_version":"1.16.0",
   "minecraft:entity":{
      "description":{
         "identifier":"true:zombie_cow",
         "is_spawnable":true,
         "is_summonable":true,
         "is_experimental":false
      },
      "component_groups":{
         "true:baby":{
            "minecraft:is_baby":{
               
            }
         }
      },
      "components":{
         "minecraft:type_family":{
            "family":[
               "apocalypse"
            ]
         },
         "minecraft:loot":{
         "table":"loot_tables/infected_flesh.json"
         },
         "minecraft:collision_box":{
            "width":0.5,
            "height":1.5
         },
         "minecraft:break_blocks":{
            "breakable_blocks":[
               "minecraft:leaves"
            ]
         },
         "minecraft:health":{
            "value":5,
            "max":5
         },
         "minecraft:scale":{
            "value":1.0
         },
         "minecraft:movement":{
            "value":0.3
         },
        "minecraft:navigation.walk":{
            "can_path_over_water":false,
            "avoid_water":true
         },
         "minecraft:jump.static":{
            
         },
         "minecraft:movement.basic":{
            
         },
         "minecraft:behavior.avoid_mob_type":{
            "priority":2,
            "entity_types":[
               {
                  "filters":{
                     "any_of":[
                        {
                           "test":"is_family",
                           "subject":"other",
                           "value":"priest"
                        }
                     ]
                  },
                  "max_dist":25,
                  "walk_speed_multiplier":1.0,
                  "sprint_speed_multiplier":1.0
               }
            ]
         },
         "minecraft:attack":{
            "damage":1,
            "effect_name":"hunger",
            "effect_duration":5
         },
         "minecraft:behavior.melee_attack":{
            "priority":3
         },
         "minecraft:behavior.hurt_by_target":{
            "priority":1
         },
         "minecraft:follow_range":{
            "value":150,
            "max":150
         },
         "minecraft:despawn":{
            "despawn_from_distance":{
               
            }
         },
         "minecraft:behavior.look_at_player":{
            "priority":7,
            "look_distance":6.0,
            "probability":0.02
         },
         "minecraft:behavior.random_look_around":{
            "priority":9
         },
         "minecraft:behavior.nearest_attackable_target":{
            "priority":3,
            "must_see":false,
            "reselect_targets":true,
            "within_radius":150.0,
            "must_see_forget_duration":17.0,
            "entity_types":[
               {
                  "filters":{
                     "any_of":[
                        {
                           "test":"is_family",
                           "subject":"other",
                           "value":"player"
                        },
                        {
                           "test":"is_family",
                           "subject":"other",
                           "value":"mynpc"
                        },
                        {
                           "test":"is_family",
                           "subject":"other",
                           "value":"hidden"
                        },
                        {
                           "test":"is_family",
                           "subject":"other",
                           "value":"four"
                        }
                     ]
                  },
                  "max_dist":150
               }
            ]
         },
   "minecraft:behavior.float":{
            "priority":0
         },
         "minecraft:on_death":{
            "event":"on:hurt",
            "target":"self"
         },
         "minecraft:on_hurt":{
            "event":"on:hurt",
            "target":"self"
         },
         "minecraft:on_hurt_by_player":{
            "event":"on:hurt_by_player",
            "target":"self"
         },
         "minecraft:behavior.random_stroll":{
            "priority":4,
            "speed_multiplier":1.0
         },
         "minecraft:persistent":{
            
         },
         "minecraft:pushable":{
            "is_pushable":true,
            "is_pushable_by_piston":true
         },
         "minecraft:physics":{
            
         }
      },
      "events":{
         "minecraft:entity_spawned":{
            "add":{
               "component_groups":[
                  "true:baby"
               ]
            }
         },
         "minecraft:entity_transformed":{
            "add":{
               "component_groups":[
                  "true:baby"
               ]
            }
         },
         "on:death":{
            "run_command":{
               "command":[
                  
               ]
            }
         },
         "on:hurt":{
            "run_command":{
               "command":[
                  "execute @s ~ ~ ~ particle true:blood_splash_particle ^ ^1 ^",
                  "execute @s ~ ~ ~ particle true:blood_splash_particle ^ ^2 ^"
               ]
            }
         },
         "on:hurt_by_player":{
            "run_command":{
               "command":[
                  "execute @s ~ ~ ~ particle true:blood_splash_particle ^ ^1 ^",
                  "execute @s ~ ~ ~ particle true:blood_splash_particle ^ ^2 ^"
               ]
            }
         }
      }
   }
}