{
    "format_version":"1.12",
    "minecraft:recipe_shapeless":{
        "description":{
            "identifier":"true:scar_empty_to_scar"
        },
        "tags":[
            "crafting_table"
        ],
        "ingredients":[
            {
                "item":"true:scar_empty"
            },
            {
                "item":"true:scar_ammo"
            }
           
            
           
        ],
        "result":{
            "item":"true:scar",
            "count":1
        }
    }
}