{
   "format_version":"1.16.0",
   "minecraft:entity":{
      "description":{
         "identifier":"true:newspaper_stand_empty",
         "is_spawnable":true,
         "is_summonable":true,
         "is_experimental":false
      },
      "component_groups":{
         "true:baby":{
            "minecraft:is_baby":{
               
            },
            "minecraft:interact":{
               "interactions":[
                  {
                     "on_interact":{
                        "filters":{
                           "all_of":[
                              {
                                 "test":"has_equipment",
                                 "subject":"other",
                                 "domain":"hand",
                                 "value":"true:newspaper_1"
                              },
                              {
                                 "test":"has_component",
                                 "operator":"!=",
                                 "value":"minecraft:transformation"
                              }
                           ]
                        },
                        "event":"true:place_paper_1",
                        "target":"self"
                     },
                     "use_item":true,
                     "play_sounds":"saddle",
                     "interact_text":"action.interact.place_paper"
                  },
                  {
                     "on_interact":{
                        "filters":{
                           "all_of":[
                              {
                                 "test":"has_equipment",
                                 "subject":"other",
                                 "domain":"hand",
                                 "value":"true:newspaper_2"
                              },
                              {
                                 "test":"has_component",
                                 "operator":"!=",
                                 "value":"minecraft:transformation"
                              }
                           ]
                        },
                        "event":"true:place_paper_2",
                        "target":"self"
                     },
                     "use_item":true,
                     "play_sounds":"saddle",
                     "interact_text":"action.interact.place_paper"
                  },
                  {
                     "on_interact":{
                        "filters":{
                           "all_of":[
                              {
                                 "test":"has_equipment",
                                 "subject":"other",
                                 "domain":"hand",
                                 "value":"true:newspaper_3"
                              },
                              {
                                 "test":"has_component",
                                 "operator":"!=",
                                 "value":"minecraft:transformation"
                              }
                           ]
                        },
                        "event":"true:place_paper_3",
                        "target":"self"
                     },
                     "use_item":true,
                     "play_sounds":"saddle",
                     "interact_text":"action.interact.place_paper"
                  },
                  {
                     "on_interact":{
                        "filters":{
                           "all_of":[
                              {
                                 "test":"has_equipment",
                                 "subject":"other",
                                 "domain":"hand",
                                 "value":"true:newspaper_4"
                              },
                              {
                                 "test":"has_component",
                                 "operator":"!=",
                                 "value":"minecraft:transformation"
                              }
                           ]
                        },
                        "event":"true:place_paper_4",
                        "target":"self"
                     },
                     "use_item":true,
                     "play_sounds":"saddle",
                     "interact_text":"action.interact.place_paper"
                  },
                  {
                     "on_interact":{
                        "filters":{
                           "all_of":[
                              {
                                 "test":"has_equipment",
                                 "subject":"other",
                                 "domain":"hand",
                                 "value":"true:newspaper_5"
                              },
                              {
                                 "test":"has_component",
                                 "operator":"!=",
                                 "value":"minecraft:transformation"
                              }
                           ]
                        },
                        "event":"true:place_paper_5",
                        "target":"self"
                     },
                     "use_item":true,
                     "play_sounds":"saddle",
                     "interact_text":"action.interact.place_paper"
                  },
                  {
                     "on_interact":{
                        "filters":{
                           "all_of":[
                              {
                                 "test":"has_equipment",
                                 "subject":"other",
                                 "domain":"hand",
                                 "value":"true:newspaper_6"
                              },
                              {
                                 "test":"has_component",
                                 "operator":"!=",
                                 "value":"minecraft:transformation"
                              }
                           ]
                        },
                        "event":"true:place_paper_6",
                        "target":"self"
                     },
                     "use_item":true,
                     "play_sounds":"saddle",
                     "interact_text":"action.interact.place_paper"
                  },
                  {
                     "on_interact":{
                        "filters":{
                           "all_of":[
                              {
                                 "test":"has_equipment",
                                 "subject":"other",
                                 "domain":"hand",
                                 "value":"true:newspaper_7"
                              },
                              {
                                 "test":"has_component",
                                 "operator":"!=",
                                 "value":"minecraft:transformation"
                              }
                           ]
                        },
                        "event":"true:place_paper_7",
                        "target":"self"
                     },
                     "use_item":true,
                     "play_sounds":"saddle",
                     "interact_text":"action.interact.place_paper"
                  },
                  {
                     "on_interact":{
                        "filters":{
                           "all_of":[
                              {
                                 "test":"has_equipment",
                                 "subject":"other",
                                 "domain":"hand",
                                 "value":"true:newspaper_8"
                              },
                              {
                                 "test":"has_component",
                                 "operator":"!=",
                                 "value":"minecraft:transformation"
                              }
                           ]
                        },
                        "event":"true:place_paper_8",
                        "target":"self"
                     },
                     "use_item":true,
                     "play_sounds":"saddle",
                     "interact_text":"action.interact.place_paper"
                  },
                  {
                     "spawn_items":{
                        "table":"loot_tables/newspaper_stand/newspaper_stand_empty.json"
                     },
                     "on_interact":{
                        "filters":{
                           "all_of":[
                              {
                                 "test":"",
                                 "subject":"other",
                                 "domain":"hand",
                                 "value":""
                              },
                              {
                                 "test":"has_component",
                                 "operator":"!=",
                                 "value":"minecraft:transformation"
                              }
                           ]
                        },
                        "event":"true:collect",
                        "target":"self"
                     },
                     "use_item":false,
                     "play_sounds":"saddle",
                     "interact_text":"action.interact.collect"
                  }
               ]
            }
         },
         "true:despawn":{
            "minecraft:transformation":{
               "into":"true:despawn"
            }
         },
         "true:paper_1":{
            "minecraft:transformation":{
               "into":"true:newspaper_stand_paper_1"
            }
         },
         "true:paper_2":{
            "minecraft:transformation":{
               "into":"true:newspaper_stand_paper_2"
            }
         },
         "true:paper_3":{
            "minecraft:transformation":{
               "into":"true:newspaper_stand_paper_3"
            }
         },
         "true:paper_4":{
            "minecraft:transformation":{
               "into":"true:newspaper_stand_paper_4"
            }
         },
         "true:paper_5":{
            "minecraft:transformation":{
               "into":"true:newspaper_stand_paper_5"
            }
         },
         "true:paper_6":{
            "minecraft:transformation":{
               "into":"true:newspaper_stand_paper_6"
            }
         },
         "true:paper_7":{
            "minecraft:transformation":{
               "into":"true:newspaper_stand_paper_7"
            }
         },
         "true:paper_8":{
            "minecraft:transformation":{
               "into":"true:newspaper_stand_paper_8"
            }
         }
      },
      "components":{
         "minecraft:type_family":{
            "family":[
               "newpaper_stand"
            ]
         },
         "minecraft:damage_sensor":{
            "triggers":[
               {
                  "on_damage":{
                     "filters":{
                        "test":"is_family",
                        "subject":"other",
                        "value":"player"
                     }
                  },
                  "deals_damage":false
               }
            ]
         },
         "minecraft:collision_box":{
            "width":0.3,
            "height":0.3
         },
         "minecraft:health":{
            "value":9999,
            "max":9999
         },
         "minecraft:scale":{
            "value":1.0
         },
         "minecraft:behavior.float":{
            "priority":0
         },
         "minecraft:knockback_resistance":{
            "value":100,
            "max":100
         },
         "minecraft:physics":{
            
         }
      },
      "events":{
         "minecraft:entity_spawned":{
            "add":{
               "component_groups":[
                  "true:baby"
               ]
            }
         },
         "minecraft:entity_transformed":{
            "add":{
               "component_groups":[
                  "true:baby"
               ]
            }
         },
         "true:collect":{
            "remove":{
               "component_groups":[
                  "true:baby"
               ]
            },
            "add":{
               "component_groups":[
                  "true:despawn"
               ]
            }
         },
         "true:place_paper_1":{
            "remove":{
               "component_groups":[
                  "true:baby"
               ]
            },
            "add":{
               "component_groups":[
                  "true:paper_1"
               ]
            }
         },
         "true:place_paper_2":{
            "remove":{
               "component_groups":[
                  "true:baby"
               ]
            },
            "add":{
               "component_groups":[
                  "true:paper_2"
               ]
            }
         },
         "true:place_paper_3":{
            "remove":{
               "component_groups":[
                  "true:baby"
               ]
            },
            "add":{
               "component_groups":[
                  "true:paper_3"
               ]
            }
         },
         "true:place_paper_4":{
            "remove":{
               "component_groups":[
                  "true:baby"
               ]
            },
            "add":{
               "component_groups":[
                  "true:paper_4"
               ]
            }
         },
         "true:place_paper_5":{
            "remove":{
               "component_groups":[
                  "true:baby"
               ]
            },
            "add":{
               "component_groups":[
                  "true:paper_5"
               ]
            }
         },
         "true:place_paper_6":{
            "remove":{
               "component_groups":[
                  "true:baby"
               ]
            },
            "add":{
               "component_groups":[
                  "true:paper_6"
               ]
            }
         },
         "true:place_paper_7":{
            "remove":{
               "component_groups":[
                  "true:baby"
               ]
            },
            "add":{
               "component_groups":[
                  "true:paper_7"
               ]
            }
         },
         "true:place_paper_8":{
            "remove":{
               "component_groups":[
                  "true:baby"
               ]
            },
            "add":{
               "component_groups":[
                  "true:paper_8"
               ]
            }
         }
      }
   }
}