{
   "format_version":"1.16.0",
   "minecraft:entity":{
      "description":{
         "identifier":"true:newspaper_stand_paper_5",
         "is_spawnable":false,
         "is_summonable":true,
         "is_experimental":false
      },
      "component_groups":{
         "true:baby":{
            "minecraft:is_baby":{
               
            },
            "minecraft:interact":{
               "interactions":[
                  {
                     "spawn_items":{
                        "table":"loot_tables/newspaper_stand/newspaper_stand_paper_5.json"
                     },
                     "on_interact":{
                        "filters":{
                           "all_of":[
                              {
                                 "test":"",
                                 "subject":"other",
                                 "domain":"hand",
                                 "value":""
                              },
                              {
                                 "test":"has_component",
                                 "operator":"!=",
                                 "value":"minecraft:transformation"
                              }
                           ]
                        },
                        "event":"true:collect",
                        "target":"self"
                     },
                     "use_item":false,
                     "play_sounds":"saddle",
                     "interact_text":"action.interact.collect"
                  }
               ]
            }
         },
         "true:reset":{
            "minecraft:transformation":{
               "into":"true:newspaper_stand_empty"
            }
         }
      },
      "components":{
         "minecraft:type_family":{
            "family":[
               "newpaper_stand"
            ]
         },
         "minecraft:damage_sensor":{
            "triggers":[
               {
                  "on_damage":{
                     "filters":{
                        "test":"is_family",
                        "subject":"other",
                        "value":"player"
                     }
                  },
                  "deals_damage":false
               }
            ]
         },
         "minecraft:collision_box":{
            "width":0.3,
            "height":0.3
         },
         "minecraft:health":{
            "value":9999,
            "max":9999
         },
         "minecraft:scale":{
            "value":1.0
         },
         "minecraft:behavior.float":{
            "priority":0
         },
         "minecraft:knockback_resistance":{
            "value":100,
            "max":100
         },
         "minecraft:physics":{
            
         }
      },
      "events":{
         "minecraft:entity_spawned":{
            "add":{
               "component_groups":[
                  "true:baby"
               ]
            }
         },
         "minecraft:entity_transformed":{
            "add":{
               "component_groups":[
                  "true:baby"
               ]
            }
         },
         "true:collect":{
            "remove":{
               "component_groups":[
                  "true:baby"
               ]
            },
            "add":{
               "component_groups":[
                  "true:reset"
               ]
            }
         }
      }
   }
}