{
    "format_version":"1.16.100",
    "minecraft:item":{
        "description":{
            "identifier":"true:gold_carving_knife",
            "category":"equipment"
        },
        "components":{
            "minecraft:max_stack_size":1,
            "minecraft:hand_equipped":true,
            "minecraft:durability":{
                "max_durability":15,
                "damage_chance":{
                    "min":2,
                    "max":3
                }
            },
            "minecraft:mining_speed":240,
            "minecraft:damage":1,
           
            "minecraft:icon":{
                "texture":"gold_carving_knife"
            },
            "minecraft:display_name":{
                "value":"Gold Carving Knife"
            },
            "minecraft:weapon":{
                "on_hurt_entity":{
                    "event":"hurt"
                },
                "on_not_hurt_entity":{
                    "event":"hurt"
                },
                "on_hit_block":{
                    "event":"hurt"
                }
            },
            "minecraft:creative_category":{
                "parent":"itemGroup.name.sword"
            }
          
        },
        "events":{
            "hurt":{
                "damage":{
                    "type":"durability",
                    "amount":1,
                    "target":"self"
                }
            }
        }
    }
}