{
   "format_version":"1.12",
   "minecraft:recipe_shaped":{
      "description":{
         "identifier":"true:pure_gunpowder"
      },
      "tags":[
         "ammo_table"
      ],
      "pattern":[
         "ABB",
         "ABB",
         "BBC"
      ],
      "key":{
         "A":{
            "item":"true:charcoal_powder"
         },
         "B":{
            "item":"true:potassium_nitrate_powder"
         },
         "C":{
            "item":"true:sulfur_powder"
            
         }
      
      },
      "result":{
         "item":"true:pure_gunpowder",
         "count":2
      }
   }
}