{
   "format_version":"1.16.100",
   "minecraft:item":{
      "description":{
         "identifier":"true:bowl_of_rice",
         "category":"equipment"
      },
      "components":{
         "minecraft:hand_equipped":false,
         "minecraft:stacked_by_data":true,
         "minecraft:use_duration":1.6,
         "minecraft:use_animation":"eat",
         "minecraft:creative_category":{
            "parent":"itemGroup.name.miscFood"
         },
         "minecraft:icon":{
            "texture":"bowl_of_rice"
         },
         "minecraft:display_name":{
            "value":"Bowl Of Rice"
         },
         "minecraft:foil":false,
         "minecraft:food":{
            "nutrition":14,
            "saturation_modifier":"normal",
            "can_always_eat":false,
            "using_converts_to": "bowl"
         }
      },
      "events":{
         
      }
   }
}