{
    "format_version":"1.10",
    "minecraft:item":{
        "description":{
            "identifier":"true:infected_flesh"
        },
        "components":{
            "minecraft:use_duration":6,
            "minecraft:max_stack_size":64,
            "minecraft:food":{
                "nutrition":3,
                "saturation_modifier":"good",
                "can_always_eat":true,
                "effects":[
                    {
                        "name":"nausea",
                        "chance":1.0,
                        "duration":10,
                        "amplifier":2
                    }
                  
                ]
            }
        }
    }
}