{
   "format_version":"1.16.100",
   "minecraft:item":{
      "description":{
         "identifier":"true:rat_raw",
         "category":"equipment"
      },
      "components":{
         "minecraft:hand_equipped":false,
         "minecraft:stacked_by_data":true,
         "minecraft:use_duration":1.6,
         "minecraft:use_animation":"eat",
         "minecraft:creative_category":{
            "parent":"itemGroup.name.miscFood"
         },
         "minecraft:icon":{
            "texture":"rat_raw"
         },
         "minecraft:display_name":{
            "value":"Raw Rat Meat"
         },
         "minecraft:foil":false,
         "minecraft:food":{
            "nutrition":1,
            "saturation_modifier":"normal",
            "can_always_eat":false
         }
      },
      "events":{
         
      }
   }
}