{
   "format_version":"1.13.0",
   "minecraft:entity":{
      "description":{
         "identifier":"true:toolsmith_cured",
         "is_spawnable":false,
         "is_summonable":true,
         "is_experimental":false
      },
      "component_groups":{
         "true:start":{
            "minecraft:variant":{
               "value":0
            },
            "minecraft:ageable":{
               "duration":300,
               "grow_up":{
                  "event":"true:condition",
                  "target":"self"
               }
            },
            "minecraft:movement":{
               "value":0.3
            },
            "minecraft:health":{
               "value":20,
               "max":20
            },
            "minecraft:behavior.move_to_block":{
               "priority":0,
               "search_range":64,
               "search_height":64,
               "tick_interval":1.0,
               "stay_duration":120,
               "goal_radius":1.0,
               "target_selection_method":"nearest",
               "target_blocks":[
                  "smithing_table"
               ]
            },
            "minecraft:equipment":{
               "table":"loot_tables/entities/toolsmith_cured.json"
            },
            "minecraft:economy_trade_table":{
               "display_name":"Toolsmith",
               "table":"trading/economy_trades/cured_toolsmith.json",
               "new_screen":true
            }
         },
         "true:working":{
            "minecraft:variant":{
               "value":0
            },
            "minecraft:ageable":{
               "duration":300,
               "grow_up":{
                  "event":"true:condition",
                  "target":"self"
               }
            },
            "minecraft:movement":{
               "value":0.3
            },
            "minecraft:health":{
               "value":20,
               "max":20
            },
            "minecraft:behavior.move_to_block":{
               "priority":0,
               "search_range":64,
               "search_height":64,
               "tick_interval":1.0,
               "stay_duration":120,
               "goal_radius":1.0,
               "target_selection_method":"nearest",
               "target_blocks":[
                  "smithing_table"
               ]
            },
            "minecraft:equipment":{
               "table":"loot_tables/entities/toolsmith_cured.json"
            },
            "minecraft:economy_trade_table":{
               "display_name":"Toolsmith",
               "table":"trading/economy_trades/cured_toolsmith.json",
               "new_screen":true
            }
         },
         "true:hungry":{
            "minecraft:variant":{
               "value":1
            },
            "minecraft:interact":{
               "interactions":[
                  {
                     "on_interact":{
                        "filters":{
                           "all_of":[
                              {
                                 "test":"has_equipment",
                                 "subject":"other",
                                 "domain":"hand",
                                 "value":"true:tin_of_beans"
                              },
                              {
                                 "test":"has_component",
                                 "operator":"!=",
                                 "value":"minecraft:transformation"
                              }
                           ]
                        },
                        "event":"true:full",
                        "target":"self"
                     },
                     "use_item":true,
                     "play_sounds":"saddle",
                     "interact_text":"action.interact.cured_hungry"
                  },
                  {
                     "on_interact":{
                        "filters":{
                           "all_of":[
                              {
                                 "test":"has_equipment",
                                 "subject":"other",
                                 "domain":"hand",
                                 "value":"true:tin_of_spaghetti_hoops"
                              },
                              {
                                 "test":"has_component",
                                 "operator":"!=",
                                 "value":"minecraft:transformation"
                              }
                           ]
                        },
                        "event":"true:full",
                        "target":"self"
                     },
                     "use_item":true,
                     "play_sounds":"saddle",
                     "interact_text":"action.interact.cured_hungry"
                  },
                  {
                     "on_interact":{
                        "filters":{
                           "all_of":[
                              {
                                 "test":"has_equipment",
                                 "subject":"other",
                                 "domain":"hand",
                                 "value":"true:tin_of_chicken_soup"
                              },
                              {
                                 "test":"has_component",
                                 "operator":"!=",
                                 "value":"minecraft:transformation"
                              }
                           ]
                        },
                        "event":"true:full",
                        "target":"self"
                     },
                     "use_item":true,
                     "play_sounds":"saddle",
                     "interact_text":"action.interact.cured_hungry"
                  },
                  {
                     "on_interact":{
                        "filters":{
                           "all_of":[
                              {
                                 "test":"has_equipment",
                                 "subject":"other",
                                 "domain":"hand",
                                 "value":"true:tin_of_vegetable_soup"
                              },
                              {
                                 "test":"has_component",
                                 "operator":"!=",
                                 "value":"minecraft:transformation"
                              }
                           ]
                        },
                        "event":"true:full",
                        "target":"self"
                     },
                     "use_item":true,
                     "play_sounds":"saddle",
                     "interact_text":"action.interact.cured_hungry"
                  },
                  {
                     "on_interact":{
                        "filters":{
                           "all_of":[
                              {
                                 "test":"has_equipment",
                                 "subject":"other",
                                 "domain":"hand",
                                 "value":"true:tin_of_mushroom_soup"
                              },
                              {
                                 "test":"has_component",
                                 "operator":"!=",
                                 "value":"minecraft:transformation"
                              }
                           ]
                        },
                        "event":"true:full",
                        "target":"self"
                     },
                     "use_item":true,
                     "play_sounds":"saddle",
                     "interact_text":"action.interact.cured_hungry"
                  },
                  {
                     "on_interact":{
                        "filters":{
                           "all_of":[
                              {
                                 "test":"has_equipment",
                                 "subject":"other",
                                 "domain":"hand",
                                 "value":"true:tin_of_tomato_soup"
                              },
                              {
                                 "test":"has_component",
                                 "operator":"!=",
                                 "value":"minecraft:transformation"
                              }
                           ]
                        },
                        "event":"true:full",
                        "target":"self"
                     },
                     "use_item":true,
                     "play_sounds":"saddle",
                     "interact_text":"action.interact.cured_hungry"
                  },
                  {
                     "on_interact":{
                        "filters":{
                           "all_of":[
                              {
                                 "test":"has_equipment",
                                 "subject":"other",
                                 "domain":"hand",
                                 "value":"true:tin_of_spam"
                              },
                              {
                                 "test":"has_component",
                                 "operator":"!=",
                                 "value":"minecraft:transformation"
                              }
                           ]
                        },
                        "event":"true:full",
                        "target":"self"
                     },
                     "use_item":true,
                     "play_sounds":"saddle",
                     "interact_text":"action.interact.cured_hungry"
                  },
                  {
                     "on_interact":{
                        "filters":{
                           "all_of":[
                              {
                                 "test":"has_equipment",
                                 "subject":"other",
                                 "domain":"hand",
                                 "value":"true:tin_of_tuna"
                              },
                              {
                                 "test":"has_component",
                                 "operator":"!=",
                                 "value":"minecraft:transformation"
                              }
                           ]
                        },
                        "event":"true:full",
                        "target":"self"
                     },
                     "use_item":true,
                     "play_sounds":"saddle",
                     "interact_text":"action.interact.cured_hungry"
                  }
               ]
            },
            "minecraft:ageable":{
               "duration":600,
               "grow_up":{
                  "event":"true:timesup",
                  "target":"self"
               }
            },
            "minecraft:movement":{
               "value":0.2
            },
            "minecraft:health":{
               "value":20,
               "max":20
            },
            "minecraft:behavior.move_to_block":{
               "priority":0,
               "search_range":64,
               "search_height":64,
               "tick_interval":1.0,
               "stay_duration":120,
               "goal_radius":1.0,
               "target_selection_method":"nearest",
               "target_blocks":[
                  "furnace"
               ]
            },
            "minecraft:equipment":{
               "table":"loot_tables/entities/cured_empty.json"
            }
         },
         "true:sick":{
            "minecraft:variant":{
               "value":2
            },
            "minecraft:interact":{
               "interactions":[
                  {
                     "on_interact":{
                        "filters":{
                           "all_of":[
                              {
                                 "test":"has_equipment",
                                 "subject":"other",
                                 "domain":"hand",
                                 "value":"true:aspirin"
                              },
                              {
                                 "test":"has_component",
                                 "operator":"!=",
                                 "value":"minecraft:transformation"
                              }
                           ]
                        },
                        "event":"true:healed",
                        "target":"self"
                     },
                     "use_item":true,
                     "play_sounds":"saddle",
                     "interact_text":"action.interact.cured_healed"
                  }
               ]
            },
            "minecraft:ageable":{
               "duration":300,
               "grow_up":{
                  "event":"true:timesup",
                  "target":"self"
               }
            },
            "minecraft:movement":{
               "value":0.0
            },
            "minecraft:health":{
               "value":20,
               "max":20
            },
            "minecraft:equipment":{
               "table":"loot_tables/entities/cured_empty.json"
            }
         },
         "true:relax":{
            "minecraft:variant":{
               "value":3
            },
            "minecraft:ageable":{
               "duration":90,
               "grow_up":{
                  "event":"true:worktime",
                  "target":"self"
               }
            },
            "minecraft:movement":{
               "value":0.3
            },
            "minecraft:health":{
               "value":20,
               "max":20
            },
            "minecraft:behavior.move_to_block":{
               "priority":0,
               "search_range":64,
               "search_height":64,
               "tick_interval":1.0,
               "stay_duration":20,
               "goal_radius":1.0,
               "target_selection_method":"nearest",
               "target_blocks":[
                  "jukebox"
               ]
            },
            "minecraft:equipment":{
               "table":"loot_tables/entities/empty_cured.json"
            }
         },
         "true:dead":{
            "minecraft:health":{
               "value":0,
               "max":0
            }
         }
      },
      "components":{
         "minecraft:type_family":{
            "family":[
               "cured_adult"
            ]
         },
           "minecraft:timer":{
            "looping":false,
            "randomInterval":false,
            "time":5,
            "time_down_event":{
               "event":"true:worktime"
            }
         },
         "minecraft:breathable":{
            "total_supply":15,
            "suffocate_time":0,
            "breathes_air":true,
            "breathes_water":false
         },
         "minecraft:collision_box":{
            "width":0.5,
            "height":1.5
         },
         "minecraft:scale":{
            "value":1.0
         },
         "minecraft:movement":{
            "value":0.3
         },
         "minecraft:underwater_movement":{
            "value":0.1
         },
         "minecraft:navigation.generic":{
            "is_amphibious":true,
            "can_path_over_water":false,
            "can_swim":true,
            "can_walk":true,
            "can_breach":true,
            "can_sink":true,
            "can_pass_doors":true,
            "can_open_doors":true
         },
         "minecraft:behavior.random_swim":{
            "speed_multiplier":1.0,
            "priority":3,
            "xz_dist":32,
            "y_dist":8,
            "interval":4
         },
         "minecraft:annotation.open_door":{
            
         },
         "minecraft:movement.basic":{
            
         },
         "minecraft:behavior.random_stroll":{
            "priority":4,
            "speed_multiplier":1.0
         },
         "minecraft:persistent":{
            
         },
         "minecraft:break_blocks":{
            "breakable_blocks":[
               "minecraft:leaves"
            ]
         },
         "minecraft:behavior.move_indoors":{
            "priority":4,
            "speed_multiplier":1.0
         },
         "minecraft:behavior.avoid_mob_type":{
            "priority":2,
            "entity_types":[
               {
                  "filters":{
                     "any_of":[
                        {
                           "test":"is_family",
                           "subject":"other",
                           "value":"apocalypse"
                        }
                     ]
                  },
                  "max_dist":10,
                  "walk_speed_multiplier":1.0,
                  "sprint_speed_multiplier":1.0
               }
            ]
         },
         "minecraft:attack":{
            "damage":1
         },
         "minecraft:behavior.melee_attack":{
            "priority":3
         },
         "minecraft:behavior.hurt_by_target":{
            "priority":1
         },
         "minecraft:behavior.float":{
            "priority":0
         },
         "minecraft:can_climb":{
            
         },
         "minecraft:jump.static":{
            
         },
         "minecraft:behavior.random_look_around":{
            "priority":9
         },
         "minecraft:behavior.look_at_player":{
            "priority":4
         },
         "minecraft:behavior.trade_with_player":{
            "priority":1
         },
         "minecraft:behavior.trade_interest":{
            "priority":2,
            "within_radius":6.0,
            "interest_time":60.0,
            "remove_item_time":1.0,
            "carried_item_switch_time":2.0,
            "cooldown":30.0
         },
         "minecraft:behavior.look_at_trading_player":{
            "priority":1
         },
         "minecraft:nameable":{
            "always_show":true,
            "allow_name_tag_renaming":true
         },
         "minecraft:on_death":{
            "event":"on:death",
            "target":"self"
         },
         "minecraft:on_hurt":{
            "event":"on:hurt",
            "target":"self"
         },
         "minecraft:on_hurt_by_player":{
            "event":"on:hurt_by_player",
            "target":"self"
         },
         "minecraft:physics":{
            
         },
         "minecraft:pushable":{
            "is_pushable":true,
            "is_pushable_by_piston":true
         }
      },
      "events":{
         "minecraft:entity_spawned":{
            "add":{
               "component_groups":[
                  "true:start"
               ]
            }
         },
         "true:timesup":{
            "remove":{
               "component_groups":[
                  "true:start",
                  "true:working",
                  "true:hungry",
                  "true:sick",
                  "true:relax"
               ]
            },
            "add":{
               "component_groups":[
                  "true:dead"
               ]
            }
         },
         "true:full":{
            "remove":{
               "component_groups":[
                  "true:hungry"
               ]
            },
            "add":{
               "component_groups":[
                  "true:working"
               ]
            }
         },
         "true:healed":{
            "remove":{
               "component_groups":[
                  "true:sick"
               ]
            },
            "add":{
               "component_groups":[
                  "true:working"
               ]
            }
         },
         "true:worktime":{
            "remove":{
               "component_groups":[
                  "true:relax"
               ]
            },
            "add":{
               "component_groups":[
                  "true:working"
               ]
            }
         },
         "on:hurt":{
            "run_command":{
               "command":[
                  "execute @s ~ ~ ~ particle true:blood_splash_particle ^ ^1 ^",
                  "execute @s ~ ~ ~ particle true:blood_splash_particle ^ ^2 ^",
                  "execute @p ~ ~ ~ playsound male.hurt"
               ]
            }
         },
         "on:hurt_by_player":{
            "run_command":{
               "command":[
                  "execute @s ~ ~ ~ particle true:blood_splash_particle ^ ^1 ^",
                  "execute @s ~ ~ ~ particle true:blood_splash_particle ^ ^2 ^",
                  "execute @p ~ ~ ~ playsound male.hurt"
               ]
            }
         },
         "true:condition":{
            "sequence":[
               {
                  "add":{
                     
                  }
               },
               {
                  "randomize":[
                     {
                        "weight":32,
                        "add":{
                           "component_groups":[
                              "true:working"
                           ]
                        },
                        "remove":{
                           "component_groups":[
                              "true:start"
                           ]
                        },
                        "run_command":{
                           "command":[
                              
                           ]
                        }
                     },
                     {
                        "weight":32,
                        "add":{
                           "component_groups":[
                              "true:relax"
                           ]
                        },
                        "remove":{
                           "component_groups":[
                              "true:start",
                              "true:working"
                           ]
                        },
                        "run_command":{
                           "command":[
                              
                           ]
                        }
                     },
                     {
                        "weight":8,
                        "add":{
                           "component_groups":[
                              "true:hungry"
                           ]
                        },
                        "remove":{
                           "component_groups":[
                              "true:start",
                              "true:working"
                           ]
                        },
                        "run_command":{
                           "command":[
                              
                           ]
                        }
                     },
                     {
                        "weight":4,
                        "add":{
                           "component_groups":[
                              "true:sick"
                           ]
                        },
                        "remove":{
                           "component_groups":[
                              "true:start",
                              "true:working"
                           ]
                        },
                        "run_command":{
                           "command":[
                              
                           ]
                        }
                     }
                  ]
               }
            ]
         }
      }
   }
}