{
   "format_version":"1.16.100",
   "minecraft:block":{
      "description":{
         "identifier":"true:ammo_mould_9mm",
         "category":"Equipment"
      },
      "components":{
         "minecraft:creative_category":{
            "group":"itemGroup.name.Items",
            "category":"Items"
         },
         "minecraft:loot":"loot_tables/blocks/ammo_mould_9mm.json",
         "minecraft:destroy_time":4,
         "minecraft:friction":0.7,
         "minecraft:map_color":"#FFFFFF",
         "minecraft:explosion_resistance":1.0,
         "minecraft:block_light_absorption":15.0,
         "minecraft:block_light_emission":0.0,
         "minecraft:geometry":"geometry.block",
         "minecraft:material_instances":{
            "*":{
               "texture":"ammo_mould_9mm",
               "render_method":"blend"
            }
         },
         "minecraft:crafting_table":{
            "grid_size":3,
            "custom_description":"§8§o9mm Crafting Bench",
            "crafting_tags":[
               "mould_9mm"
            ]
         },
         "minecraft:pick_collision":{
            "origin":[
               -8,
               0,
               -8
            ],
            "size":[
               16,
               16,
               16
            ]
         },
         "minecraft:on_placed":{
            "event":"size:block",
            "target":"self"
         },
         "minecraft:on_player_destroyed":{
            "event":"remove:block",
            "target":"self"
         },
         "minecraft:on_step_on":{
            "event":"step:on",
            "target":"self"
         },
         "minecraft:on_step_off":{
            "event":"step:off",
            "target":"self"
         },
         "minecraft:random_ticking":{
            "on_tick":{
               "event":"on_tick",
               "target":"self"
            }
         }
      },
      "events":{
         "size:block":{
            "run_command":{
               "command":[
                  
               ]
            }
         },
         "remove:block":{
            "run_command":{
               "command":[
                  
               ]
            }
         },
         "on_tick":{
            "run_command":{
               "command":[
                 
               ]
            }
         },
         "step:on":{
            "run_command":{
               "command":[
                  
               ]
            }
         },
         "step:off":{
            "run_command":{
               "command":[
                  
               ]
            }
         }
      }
   }
}