{
   "format_version":"1.16.0",
   "minecraft:block":{
      "description":{
         "identifier":"true:potassium_nitrate_ore"
      },
      "components":{
         "minecraft:creative_category":{
            "group":"itemGroup.name.Items",
            "category":"Items"
         },
         "minecraft:material_instances":{
            "*":{
               "texture":"potassium_nitrate_ore",
               "render_method":"blend"
            }
         },
         "minecraft:pick_collision":{
            "origin":[
               -8,
               0,
               -8
            ],
            "size":[
               16,
               16,
               16
            ]
         },
          "minecraft:loot":"loot_tables/blocks/potassium_nitrate.json",
         "minecraft:geometry":"geometry.block",
       
         "minecraft:destroy_time":0.1,
         "minecraft:friction":0.1,
         "minecraft:map_color":"#00ff00",
         "minecraft:flammable":{
            "flame_odds":0,
            "burn_odds":0
         },
         "minecraft:block_light_emission":0.9
      }
   }
}