{
   "format_version":"1.16.100",
   "minecraft:block":{
      "description":{
         "identifier":"true:razor_wire",
         "category":"Nature"
      },
      "components":{
         "minecraft:creative_category":{
            "group":"itemGroup.name.Items",
            "category":"Items"
         },
         "minecraft:loot":"loot_tables/blocks/razor_wire.json",
         "minecraft:destroy_time":4,
         "minecraft:friction":0.7,
         "minecraft:map_color":"#FFFFFF",
         "minecraft:explosion_resistance":1.0,
         "minecraft:block_light_absorption":15.0,
         "minecraft:block_light_emission":1.0,
         "minecraft:geometry":"geometry.razor_wire",
         "minecraft:entity_collision":false,
         "minecraft:material_instances":{
            "*":{
               "texture":"razor_wire",
               "render_method":"blend"
            }
         },
         "minecraft:on_placed":{
            "event":"size:block",
            "target":"self"
         },
         "minecraft:on_player_destroyed":{
            "event":"remove:block",
            "target":"self"
         },
         "minecraft:on_step_on":{
            "event":"step:on",
            "target":"self"
         },
         "minecraft:on_step_off":{
            "event":"step:off",
            "target":"self"
         },
         "minecraft:ticking":{
            "looping":true,
            "range":[
               0.2,
               0.5
            ],
            "on_tick":{
               "event":"on_tick",
               "target":"self"
            }
         }
      },
      "events":{
         "size:block":{
            "run_command":{
               "command":[
                  
               ]
            }
         },
         "remove:block":{
            "run_command":{
               "command":[
                  
               ]
            }
         },
         "on_tick":{
            "run_command":{
               "command":[
                  "function razor_wire"
               ]
            }
         },
         "step:on":{
            "run_command":{
               "command":[
                  
               ]
            }
         },
         "step:off":{
            "run_command":{
               "command":[
                  
               ]
            }
         }
      }
   }
}