{
   "format_version":"1.16.100",
   "minecraft:item":{
      "description":{
         "identifier":"true:flare_gun",
         "category":"equipment"
      },
      "components":{
         "minecraft:creative_category":{
            "parent":"itemGroup.name.equipment"
         },
         "minecraft:max_stack_size":1,
         "minecraft:use_duration":1.5,
         "minecraft:cooldown":{
            "duration":1.5,
            "category":"flare_gun"
         },
      
         "minecraft:icon":{
            "texture":"flare_gun"
         },
         "minecraft:display_name":{
            "value":"§6Flare Gun"
         },
         "minecraft:durability":{
            "max_durability":1
         },
         "minecraft:use_animation":"bow",
         "minecraft:on_use":{
            "on_use":{
               "event":"true:shoot",
               "target":"self"
            }
         },
         "minecraft:weapon":{
            "on_hurt_entity":{
               "event":"damage",
               "target":"self"
            },
            "on_not_hurt_entity":{
               "event":"damage",
               "target":"self"
            },
            "on_hit_block":{
               "event":"damage",
               "target":"self"
            }
         },
         "minecraft:hand_equipped":true
      },
      "events":{
         "true:shoot":{
            "sequence":[
               {
                  "condition":"query.remaining_durability >= 1",
                  "sequence":[
                     {
                        "damage":{
                           "type":"durability",
                           "amount":1,
                           "target":"self"
                        }
                     },
                     {
                        "shoot":{
                           "projectile":"true:flare",
                           "launch_power":1

                        }
                     },
                       {
                        "run_command":{
                           "command":[
                              "execute @p ~ ~ ~ summon true:loot_box ^ ^ ^100"
                              
                           ]
                        }
                     }
                  ]
               }
            ]
         }
      }
   }
}