{
   "format_version":"1.16.100",
   "minecraft:item":{
      "description":{
         "identifier":"true:body_armor_super_lightweight",
         "category":"equipment"
      },
      "components":{
         "minecraft:creative_category":{
            "parent":"itemGroup.name.chestplate"
         },
         "minecraft:icon":{
            "texture":"body_armor_super_lightweight",
            "frame":0
         },
         "minecraft:display_name":{
            "value":"Body Armor (Super Lightweight)"
         },
         "minecraft:max_stack_size":1,
         "minecraft:durability":{
            "max_durability":50,
            "damage_chance":{
               "min":1,
               "max":2
            }
         },
         "minecraft:armor":{
            "protection":2
         },
         "minecraft:wearable":{
            "slot":"slot.armor.chest"
         }
      }
   }
}