{
   "format_version":"1.16.100",
   "minecraft:item":{
      "description":{
         "identifier":"true:body_armor_heavy_duty",
         "category":"equipment"
      },
      "components":{
         "minecraft:creative_category":{
            "parent":"itemGroup.name.chestplate"
         },
         "minecraft:icon":{
            "texture":"body_armor_heavy_duty",
            "frame":0
         },
         "minecraft:display_name":{
            "value":"Body Armor (Heavy Duty)"
         },
         "minecraft:max_stack_size":1,
         "minecraft:durability":{
            "max_durability":300,
            "damage_chance":{
               "min":1,
               "max":2
            }
         },
         "minecraft:armor":{
            "protection":5
         },
         "minecraft:wearable":{
            "slot":"slot.armor.chest"
         }
      }
   }
}