{
   "format_version":"1.16.0",
   "minecraft:entity":{
      "description":{
         "identifier":"true:zombie_reaper",
         "is_spawnable":true,
         "is_summonable":true,
         "is_experimental":false
      },
      "component_groups":{
         "true:baby":{
            "minecraft:is_baby":{
               
            }
         },
         "minecraft:behavior.random_fly":{
            "priority":1,
            "xz_dist":15,
            "y_dist":1,
            "y_offset":0,
            "speed_multiplier":1.0,
            "can_land_on_trees":true,
            "avoid_damage_blocks":true
         }
      },
      "components":{
         "minecraft:type_family":{
            "family":[
               "apocalypse"
            ]
         },
         "minecraft:collision_box":{
            "width":0.5,
            "height":1.5
         },
         "minecraft:health":{
            "value":20,
            "max":20
         },
         "minecraft:scale":{
            "value":1.0
         },
         "minecraft:break_blocks":{
            "breakable_blocks":[
               "minecraft:leaves"
            ]
         },
         "minecraft:movement":{
            "value":0.3
         },
         "minecraft:navigation.fly":{
            "can_pass_doors":true,
            "avoid_water":true,
            "is_amphibious":true
         },
         "minecraft:movement.fly":{
            
         },
         "minecraft:can_fly":{
            "value":true
         },
         "minecraft:jump.static":{
            
         },
         "minecraft:can_climb":{
            
         },
         "minecraft:hurt_on_condition":{
            "damage_conditions":[
               {
                  "filters":{
                     "test":"in_water_or_rain",
                     "subject":"self",
                     "operator":"==",
                     "value":true
                  },
                  "cause":"water",
                  "damage_per_tick":5
               }
            ]
         },
         "minecraft:attack":{
            "damage":2,
            "effect_name":"levitation",
            "effect_duration":7
         },
         "minecraft:damage_sensor":{
            "triggers":{
               "cause":"fall",
               "deals_damage":false
            }
         },
         "minecraft:behavior.melee_attack":{
            "priority":3
         },
         "minecraft:behavior.hurt_by_target":{
            "priority":1
         },
         "minecraft:follow_range":{
            "value":150,
            "max":150
         },
         "minecraft:behavior.move_indoors":{
            "priority":4,
            "speed_multiplier":1.0
         },
         "minecraft:despawn":{
            "despawn_from_distance":{
               
            }
         },
         "minecraft:behavior.look_at_player":{
            "priority":7,
            "look_distance":6.0,
            "probability":0.02
         },
         "minecraft:behavior.random_look_around":{
            "priority":9
         },
         "minecraft:behavior.float":{
            "priority":0
         },
         "minecraft:behavior.nearest_attackable_target":{
            "priority":3,
            "must_see":false,
            "reselect_targets":true,
            "within_radius":150.0,
            "must_see_forget_duration":17.0,
            "entity_types":[
               {
                  "filters":{
                     "any_of":[
                        {
                           "test":"is_family",
                           "subject":"other",
                           "value":"player"
                        },
                        {
                           "test":"is_family",
                           "subject":"other",
                           "value":"mynpc"
                        },
                        {
                           "test":"is_family",
                           "subject":"other",
                           "value":"four"
                        },
                        {
                           "test":"is_family",
                           "subject":"other",
                           "value":"priest_tamed"
                        }
                     ]
                  },
                  "max_dist":150
               }
            ]
         },
         "minecraft:on_death":{
            "event":"on:death",
            "target":"self"
         },
         "minecraft:on_hurt":{
            "event":"on:hurt",
            "target":"self"
         },
         "minecraft:on_hurt_by_player":{
            "event":"on:hurt_by_player",
            "target":"self"
         },
         "minecraft:behavior.random_stroll":{
            "priority":4,
            "speed_multiplier":1.0
         },
         "minecraft:persistent":{
            
         },
         "minecraft:physics":{
            
         }
      },
      "events":{
         "minecraft:entity_spawned":{
            "add":{
               "component_groups":[
                  "true:baby"
               ]
            }
         },
         "minecraft:entity_transformed":{
            "add":{
               "component_groups":[
                  "true:baby"
               ]
            }
         },
         "on:death":{
            "run_command":{
               "command":[
                  "execute @s ~ ~ ~ particle minecraft:sparkler_emitter ^ ^1 ^",
                  "execute @s ~ ~ ~ particle minecraft:sparkler_emitter ^ ^2 ^"
               ]
            }
         },
         "on:hurt":{
            "run_command":{
               "command":[
                  "execute @s ~ ~ ~ particle true:blood_splash_particle ^ ^1 ^",
                  "execute @s ~ ~ ~ particle true:blood_splash_particle ^ ^2 ^"
               ]
            }
         },
         "on:hurt_by_player":{
            "run_command":{
               "command":[
                  "execute @s ~ ~ ~ particle true:blood_splash_particle ^ ^1 ^",
                  "execute @s ~ ~ ~ particle true:blood_splash_particle ^ ^2 ^"
               ]
            }
         }
      }
   }
}