{
   "format_version":"1.16.100",
   "minecraft:entity":{
      "description":{
         "identifier":"true:bullet_magnum_357",
         "is_spawnable":false,
         "is_summonable":true,
         "is_experimental":false,
         "runtime_identifier":"minecraft:arrow"
      },
      "component_groups":{
         "hit":{
            "minecraft:mark_variant":{
               "value":1
            },
            "minecraft:instant_despawn":{
               "remove_child_entities":true
            }
         }
      },
      "components":{
         "minecraft:collision_box":{
            "width":0.25,
            "height":0.25
         },
  "minecraft:scale":{
                "value":0.7
            },
         "minecraft:projectile":{
            "on_hit":{
               "definition_event":{
                  "event_trigger":{
                     "event":"hit",
                     "target":"self"
                  }
               },
               "impact_damage":{
                  "damage":[
                     20,
                     24
                  ],
                  "knockback":true,
                  "destroy_on_hit":true,
                  "semi_random_diff_damage":false
               }
            },
            "power":2.5,
            "gravity":0.02,
            "anchor":1,
            "destroy_on_hurt":true,
            "uncertainty_base":2,
            "uncertainty_multiplier":1.5,
            "should_bounce":false,
            "inertia":1,
            "offset":[
               0,
               0,
               0
            ],
            "multiple_targets":true
         },
         "minecraft:physics":{
            
         },
         "minecraft:navigation.float":{
            
         },
         "minecraft:pushable":{
            "is_pushable":false,
            "is_pushable_by_piston":false
         },
         "minecraft:type_family":{
            "family":[
               "bullet"
            ]
         }
      },
      "events":{
         "hit":{
            "sequence":[
               {
                  "add":{
                     "component_groups":[
                        "hit"
                     ]
                  }
               }
            ]
         }
      }
   }
}