{
   "format_version":"1.16.0",
   "minecraft:entity":{
      "description":{
         "identifier":"true:survivor_female_turning",
         "is_spawnable":false,
         "is_summonable":false,
         "is_experimental":false
      },
      "component_groups":{
         "true:baby":{
            "minecraft:is_baby":{
               
            },
            "minecraft:interact":{
               "interactions":[
                  {
                     "on_interact":{
                        "filters":{
                           "all_of":[
                              {
                                 "test":"has_equipment",
                                 "subject":"other",
                                 "domain":"hand",
                                 "value":"true:unknown"
                              },
                              {
                                 "test":"has_component",
                                 "operator":"!=",
                                 "value":"minecraft:transformation"
                              }
                           ]
                        },
                        "event":"true:cure",
                        "target":"self"
                     },
                     "use_item":false,
                     "play_sounds":"saddle",
                     "interact_text":"action.interact.cure"
                  }
               ]
            },
            "minecraft:ageable":{
               "duration":7,
               "grow_up":{
                  "event":"true:dead",
                  "target":"self"
               }
            }
         },
         "true:dead":{
            "minecraft:transformation":{
               "into":"true:zombie_survivor_female"
            }
         },
         "true:cure":{
            "minecraft:transformation":{
               "into":"true:survivor_female"
            }
         }
      },
      "components":{
         "minecraft:type_family":{
            "family":[
               "turning"
            ]
         },
         "minecraft:collision_box":{
            "width":0.5,
            "height":0.5
         },
         "minecraft:health":{
            "value":10,
            "max":10
         },
         "minecraft:scale":{
            "value":1.0
         },
         "minecraft:knockback_resistance":{
            "value":100,
            "max":100
         },
         "minecraft:physics":{
            
         }
      },
      "events":{
         "minecraft:entity_spawned":{
            "add":{
               "component_groups":[
                  "true:baby"
               ]
            }
         },
         "minecraft:entity_transformed":{
            "add":{
               "component_groups":[
                  "true:baby"
               ]
            }
         },
         "true:cure":{
            "remove":{
               "component_groups":[
                  "true:baby"
               ]
            },
            "add":{
               "component_groups":[
                  "true:cure"
               ]
            }
         },
         "true:dead":{
            "remove":{
               "component_groups":[
                  "true:baby"
               ]
            },
            "add":{
               "component_groups":[
                  "true:dead"
               ]
            }
         }
      }
   }
}