{
   "format_version":"1.12.0",
   "minecraft:entity":{
      "description":{
         "identifier":"true:zombie_experiment_boom",
         "is_spawnable":false,
         "is_summonable":false,
         "is_experimental":false
      },
      "component_groups":{
         "from_explosion":{
            "minecraft:explode":{
               "fuse_length":{
                  "range_min":1.0,
                  "range_max":3.0
               },
               "fuse_lit":true,
               "power":4,
               "causes_fire":true
            }
         }
      },
      "components":{
         "minecraft:collision_box":{
            "width":0.5,
            "height":1.5
         },
         "minecraft:health":{
            "value":20,
            "max":20
         },
         "minecraft:scale":{
            "value":1.0
         },
         "minecraft:target_nearby_sensor":{
            "inside_range":60.0,
            "outside_range":70.0,
            "must_see":false,
            "on_inside_range":{
               "event":"from_explosion",
               "target":"self"
            }
         },
         "minecraft:behavior.nearest_attackable_target":{
            "priority":0,
            "must_see":false,
            "reselect_targets":true,
            "within_radius":20.0,
            "must_see_forget_duration":5.0,
            "entity_types":[
               {
                  "filters":{
                     "any_of":[
                        {
                           "test":"is_family",
                           "subject":"other",
                           "value":"player"
                        },
                        {
                           "test":"is_family",
                           "subject":"other",
                           "value":"mynpc"
                        },
                        {
                           "test":"is_family",
                           "subject":"other",
                           "value":"four"
                        },
                        {
                           "test":"is_family",
                           "subject":"other",
                           "value":"apocalypse"
                        }
                     ]
                  },
                  "max_dist":20
               }
            ]
         },
         "minecraft:physics":{
            
         },
         "minecraft:pushable":{
            "is_pushable":false,
            "is_pushable_by_piston":true
         },
         "minecraft:conditional_bandwidth_optimization":{
            
         }
      },
      "events":{
         "from_explosion":{
            "add":{
               "component_groups":[
                  "from_explosion"
               ]
            }
         }
      }
   }
}