{
   "format_version":"1.16.0",
   "minecraft:entity":{
      "description":{
         "identifier":"true:rat",
         "is_spawnable":true,
         "is_summonable":true,
         "is_experimental":false
      },
      "component_groups":{
         "true:baby":{
            "minecraft:is_baby":{
               
            }
         }
      },
      "components":{
         "minecraft:type_family":{
            "family":[
               "rat"
            ]
         },
         "minecraft:collision_box":{
            "width":1.0,
            "height":0.5
         },
         "minecraft:health":{
            "value":1,
            "max":1
         },
         "minecraft:loot":{
            "table":"loot_tables/rat.json"
         },
         "minecraft:scale":{
            "value":0.2
         },
         "minecraft:hurt_on_condition":{
            "damage_conditions":[
               {
                  "filters":{
                     "test":"in_lava",
                     "subject":"self",
                     "operator":"==",
                     "value":true
                  },
                  "cause":"lava",
                  "damage_per_tick":4
               }
            ]
         },
         "minecraft:movement":{
            "value":0.4
         },
         "minecraft:navigation.climb":{
            "can_pass_doors":true,
            "avoid_water":true,
            "is_amphibious":true
         },
         "minecraft:jump.static":{
            
         },
         "minecraft:can_climb":{
            
         },
         "minecraft:movement.basic":{
            
         },
         "minecraft:attack":{
            "damage":4
         },
         "minecraft:behavior.melee_attack":{
            "priority":3
         },
         "minecraft:behavior.hurt_by_target":{
            "priority":1
         },
         "minecraft:damage_sensor":{
            "triggers":{
               "cause":"fall",
               "deals_damage":false
            }
         },
         "minecraft:follow_range":{
            "value":150,
            "max":150
         },
         "minecraft:behavior.move_indoors":{
            "priority":4,
            "speed_multiplier":1.0
         },
         "minecraft:despawn":{
            "despawn_from_distance":{
               
            }
         },
         "minecraft:behavior.avoid_mob_type":{
            "priority":2,
            "entity_types":[
               {
                  "filters":{
                     "any_of":[
                        {
                           "test":"is_family",
                           "subject":"other",
                           "value":"player"
                        },
                        {
                           "test":"is_family",
                           "subject":"other",
                           "value":"cat"
                        }
                     ]
                  },
                  "max_dist":25,
                  "walk_speed_multiplier":1.0,
                  "sprint_speed_multiplier":1.0
               }
            ]
         },
         "minecraft:behavior.look_at_player":{
            "priority":7,
            "look_distance":6.0,
            "probability":0.02
         },
         "minecraft:behavior.random_look_around":{
            "priority":9
         },
         "minecraft:behavior.float":{
            "priority":0
         },
         "minecraft:behavior.random_stroll":{
            "priority":4,
            "speed_multiplier":1.0
         },
         "minecraft:persistent":{
            
         },
         "minecraft:physics":{
            
         },
         "minecraft:behavior.nearest_attackable_target":{
            "priority":0,
            "must_see":false,
            "reselect_targets":true,
            "within_radius":150.0,
            "must_see_forget_duration":17.0,
            "entity_types":[
               {
                  "filters":{
                     "any_of":[
                        {
                           "test":"is_family",
                           "subject":"other",
                           "value":"flesh"
                        },
                        {
                           "test":"is_family",
                           "subject":"other",
                           "value":"hidden"
                        }
                     ]
                  },
                  "max_dist":150
               }
            ]
         }
      },
      "events":{
         "minecraft:entity_spawned":{
            "add":{
               "component_groups":[
                  "true:baby"
               ]
            }
         },
         "minecraft:entity_transformed":{
            "add":{
               "component_groups":[
                  "true:baby"
               ]
            }
         }
      }
   }
}