{
    "pools": [
      {
            "rolls": 1,
            "entries": [
                {
            "type": "item",
            "name": "minecraft:chain",
            "weight": 1,
            "functions": [
                        {
                    "function": "set_count",
                    "count": 1
                        }
                    ]
                }
            ]
        },
        {
            "rolls": 1,
            "entries": [
                {
            "type": "item",
            "name": "minecraft:iron_nugget",
            "weight": 1,
            "functions": [
                        {
                    "function": "set_count",
                    "count": 1
                        }
                    ]
                }
            ]
        }
    ]
}