{
   "pools":[
      {
         "rolls":1,
         "entries":[
            {
               "type":"item",
               "name":"true:rice",
               "weight":1,
               "functions":[
                  {
                     "function":"set_count",
                     "count":{
                        "min":1,
                        "max":3
                     }
                  }
               ]
            }
         ]
      },
      {
         "rolls":1,
         "entries":[
            {
               "type":"item",
               "name":"true:rice_seeds",
               "weight":1,
               "functions":[
                  {
                     "function":"set_count",
                     "count":{
                        "min":1,
                        "max":2
                     }
                  }
               ]
            }
         ]
      }
   ]
}