{
   "format_version":"1.16.100",
   "minecraft:item":{
      "description":{
         "identifier":"true:rice_seeds",
         "category":"nature"
      },
      "components":{
         "minecraft:creative_category":{
            "parent":"itemGroup.name.seed"
         },
         "minecraft:display_name":{
            "value":"Rice Seeds"
         },
         "minecraft:icon":{
            "texture":"rice_seeds"
         },
         "minecraft:block_placer":{
            "block":"true:rice_stage_0"
         }
      }
   }
}