{
   "format_version":"1.10",
   "minecraft:item":{
      "description":{
         "identifier":"true:aspirin"
      },
      "components":{
         "minecraft:use_duration":6,
         "minecraft:max_stack_size":64,
         "minecraft:food":{
            "nutrition":0,
            "saturation_modifier":"low",
            "can_always_eat":true,
            "effects":[
               {
                  "name":"regeneration",
                  "chance":1.0,
                  "duration":10,
                  "amplifier":1
               }
            ],
            "remove_effects":[
               "nausea",
               "poison",
               "hunger",
               "slowness"
            ]
         }
      }
   }
}