{
    "format_version":"1.10",
    "minecraft:item":{
        "description":{
            "identifier":"true:energy_drink"
        },
        "components":{
            "minecraft:use_duration":6,
            "minecraft:max_stack_size":64,
            "minecraft:food":{
                "nutrition":0,
                "saturation_modifier":"low",
                "can_always_eat":true,
                "effects":[
                    {
                        "name":"speed",
                        "chance":1.0,
                        "duration":20,
                        "amplifier":1
                    },
                    {
                        "name":"regeneration",
                        "chance":1.0,
                        "duration":5,
                        "amplifier":1
                    }
                ]
            }
        }
    }
}