{
  "format_version": "1.10",
  "minecraft:item": {
    "description": {
      "identifier": "true:med_kit"
    },

    "components": {
      "minecraft:use_duration": 6,
      "minecraft:max_stack_size": 64,
      "minecraft:food": {
        "nutrition": 24,
        "saturation_modifier": "high",
        "can_always_eat": true, 
        "effects": [
           {
            "name": "regeneration",
            "chance": 1.0,
            "duration": 60,
            "amplifier": 5
          }

        ]
      }
    }
  }
}