{
   "pools":[
      {
         "rolls":1,
         "entries":[
            {
               "type":"item",
               "name":"true:vial_empty",
               "weight":100,
               "functions":[
                  {
                     "function":"set_count",
                     "count":1
                  }
               ]
            },
            {
               "type":"item",
               "name":"true:vial_blood",
               "weight":80,
               "functions":[
                  {
                     "function":"set_count",
                     "count":1
                  }
               ]
            }
         ]
      }
   ]
}