{
    "pools":[
        {
            "rolls":1,
            "entries":[
                {
                    "type":"item",
                    "name":"minecraft:rotten_flesh",
                    "weight":120,
                    "functions":[
                        {
                            "function":"set_count",
                            "count":1
                        }
                    ]
                },
                {
                    "type":"item",
                    "name":"minecraft:ender_pearl",
                    "weight":10,
                    "functions":[
                        {
                            "function":"set_count",
                            "count":1
                        }
                    ]
                }
             
             
               
             
            ]
        }
    ]
}