{
    "pools":[
        {
            "rolls":1,
            "entries":[
                {
                    "type":"item",
                    "name":"minecraft:slime_ball",
                    "weight":1,
                    "functions":[
                        {
                            "function":"set_count",
                            "count":1
                        }
                    ]
                },
                {
                    "type":"item",
                    "name":"true:rat_raw",
                    "weight":1,
                    "functions":[
                        {
                            "function":"set_count",
                            "count":1
                        }
                    ]
                }
              
            ]
        }
    ]
}