{
   "format_version":"1.16.0",
   "minecraft:entity":{
      "description":{
         "identifier":"true:vortex_mixer_on",
         "is_spawnable":false,
         "is_summonable":true,
         "is_experimental":false
      },
      "component_groups":{
         "true:baby":{
            "minecraft:is_baby":{
               
            },
              "minecraft:timer":{
               "looping":false,
               "randomInterval":false,
               "time":20,
               "time_down_event":{
                  "event":"true:done"
               }
            }
         },
         "true:finished":{
            "minecraft:transformation":{
               "into":"true:vortex_mixer_off"
            }
         }
      },
      "components":{
         "minecraft:type_family":{
            "family":[
               "vortex"
            ]
         },
         "minecraft:collision_box":{
            "width":0.5,
            "height":0.5
         },
         "minecraft:health":{
            "value":20,
            "max":20
         },
         "minecraft:scale":{
            "value":1.0
         },
         "minecraft:behavior.float":{
            "priority":0
         },
 "minecraft:spawn_entity":{
            "entities":{
               "min_wait_time":20,
               "max_wait_time":20,
               "spawn_sound":"plop",
               "spawn_item":"true:vial_cure_mixed"
            }
         },
 "minecraft:knockback_resistance":{
                "value":100,
                "max":100
            },
         "minecraft:damage_sensor":{
            "triggers":{
               "cause":"fall",
               "deals_damage":false
            }
         },
         "minecraft:physics":{
            
         }
      },
      "events":{
         "minecraft:entity_spawned":{
            "add":{
               "component_groups":[
                  "true:baby"
               ]
            }
         },
         "minecraft:entity_transformed":{
            "add":{
               "component_groups":[
                  "true:baby"
               ]
            }
         },
         "true:done":{
                "remove":{
                    "component_groups":[
                        "true:baby"
                    ]
                },
                "add":{
                    "component_groups":[
                        "true:finished"
                    ]
                }
            }
      }
   }
}