{
   "format_version":"1.16.0",
   "minecraft:entity":{
      "description":{
         "identifier":"true:vortex_mixer_off",
         "is_spawnable":true,
         "is_summonable":true,
         "is_experimental":false
      },
      "component_groups":{
         "true:baby":{
            "minecraft:is_baby":{
               
            },
            "minecraft:interact":{
               "interactions":[
                  {
                     "hurt_item":1,
                     "on_interact":{
                        "filters":{
                           "all_of":[
                              {
                                 "test":"has_equipment",
                                 "subject":"other",
                                 "domain":"hand",
                                 "value":"true:vial_cure_unmixed"
                              },
                              {
                                 "test":"has_component",
                                 "operator":"!=",
                                 "value":"minecraft:transformation"
                              }
                           ]
                        },
                        "event":"true:start",
                        "target":"self"
                     },
                     "use_item":true,
                     "play_sounds":"saddle",
                     "interact_text":"action.interact.cure"
                  },
                  {
                     "spawn_items":{
                        "table":"loot_tables/vortex.json"
                     },
                     "on_interact":{
                        "filters":{
                           "all_of":[
                              {
                                 "test":"",
                                 "subject":"other",
                                 "domain":"hand",
                                 "value":""
                              },
                              {
                                 "test":"has_component",
                                 "operator":"!=",
                                 "value":"minecraft:transformation"
                              }
                           ]
                        },
                        "event":"true:collect",
                        "target":"self"
                     },
                     "use_item":false,
                     "play_sounds":"saddle",
                     "interact_text":"action.interact.collect"
                  }
               ]
            }
         },
         "true:starting":{
            "minecraft:transformation":{
               "into":"true:vortex_mixer_on"
            }
         },
         "true:despawn":{
            "minecraft:transformation":{
               "into":"true:despawn"
            }
         }
      },
      "components":{
         "minecraft:type_family":{
            "family":[
               "vortex"
            ]
         },
         "minecraft:collision_box":{
            "width":0.5,
            "height":0.5
         },
         "minecraft:health":{
            "value":20,
            "max":20
         },
         "minecraft:scale":{
            "value":1.0
         },
         "minecraft:behavior.float":{
            "priority":0
         },
         "minecraft:knockback_resistance":{
            "value":100,
            "max":100
         },
         "minecraft:damage_sensor":{
            "triggers":{
               "cause":"fall",
               "deals_damage":false
            }
         },
         "minecraft:physics":{
            
         }
      },
      "events":{
         "minecraft:entity_spawned":{
            "add":{
               "component_groups":[
                  "true:baby"
               ]
            }
         },
         "minecraft:entity_transformed":{
            "add":{
               "component_groups":[
                  "true:baby"
               ]
            }
         },
         "true:start":{
            "remove":{
               "component_groups":[
                  "true:baby"
               ]
            },
            "add":{
               "component_groups":[
                  "true:starting"
               ]
            }
         },
         "true:collect":{
            "remove":{
               "component_groups":[
                  "true:baby"
               ]
            },
            "add":{
               "component_groups":[
                  "true:despawn"
               ]
            }
         }
      }
   }
}