{
   "format_version":"1.12.0",
   "minecraft:entity":{
      "description":{
         "identifier":"true:land_mine",
         "is_spawnable":true,
         "is_summonable":true,
         "is_experimental":false
      },
      "component_groups":{
         "from_explosion":{
            "minecraft:explode":{
               "fuse_length":{
                  "range_min":1.0,
                  "range_max":2.0
               },
               "fuse_lit":true,
               "power":4,
               "causes_fire":true
            }
         }
      },
      "components":{
         "minecraft:collision_box":{
            "width":0.98,
            "height":0.98
         },
         "minecraft:scale":{
            "value":0.5
         },
         "minecraft:target_nearby_sensor":{
            "inside_range":3.0,
            "outside_range":9.0,
            "must_see":false,
            "on_inside_range":{
               "event":"from_explosion",
               "target":"self"
            }
         },
         "minecraft:behavior.nearest_attackable_target":{
            "priority":0,
            "must_see":false,
            "entity_types":[
               {
                  "filters":{
                     "test":"is_family",
                     "subject":"other",
                     "value":"apocalypse"
                  },
                  "max_dist":6
               },
               {
                  "filters":{
                     "test":"is_family",
                     "subject":"other",
                     "value":"player"
                  },
                  "max_dist":6
               },
               {
                  "filters":{
                     "test":"is_family",
                     "subject":"other",
                     "value":"mynpc"
                  },
                  "max_dist":6
               },
               {
                  "filters":{
                     "test":"is_family",
                     "subject":"other",
                     "value":"mob"
                  },
                  "max_dist":6
               }
            ]
         },
         "minecraft:physics":{
            
         },
         "minecraft:pushable":{
            "is_pushable":false,
            "is_pushable_by_piston":true
         },
         "minecraft:conditional_bandwidth_optimization":{
            
         }
      },
      "events":{
         "from_explosion":{
            "add":{
               "component_groups":[
                  "from_explosion"
               ]
            }
         }
      }
   }
}