{
   "format_version":"1.16.0",
   "minecraft:entity":{
      "description":{
         "identifier":"true:zombie_nether",
         "is_spawnable":true,
         "is_summonable":true,
         "is_experimental":false
      },
      "component_groups":{
         "true:baby":{
            "minecraft:is_baby":{
               
            }
         }
      },
      "components":{
         "minecraft:type_family":{
            "family":[
               "apocalypse"
            ]
         },
         "minecraft:collision_box":{
            "width":0.5,
            "height":1.5
         },
         "minecraft:health":{
            "value":15,
            "max":15
         },
         "minecraft:scale":{
            "value":1.0
         },
         "minecraft:movement":{
            "value":0.3
         },
         "minecraft:navigation.climb":{
            "can_pass_doors":true,
            "avoid_water":true,
            "is_amphibious":true
         },
         "minecraft:annotation.break_door":{
            "break_time":7,
            "min_difficulty":"easy"
         },
         "minecraft:jump.static":{
            
         },
         "minecraft:can_climb":{
            
         },
         "minecraft:movement.basic":{
            
         },
         "minecraft:fire_immune":{
            
         },
         "minecraft:hurt_on_condition":{
            "damage_conditions":[
               {
                  "filters":{
                     "test":"in_water_or_rain",
                     "subject":"self",
                     "operator":"==",
                     "value":true
                  },
                  "cause":"water",
                  "damage_per_tick":10
               }
            ]
         },
         "minecraft:behavior.ranged_attack":{
            "priority":1,
            "attack_radius":64,
            "charge_shoot_trigger":2,
            "charge_charged_trigger":1
         },
         "minecraft:shooter":{
            "def":"minecraft:fireball"
         },
         "minecraft:behavior.avoid_mob_type":{
            "priority":2,
            "entity_types":[
               {
                  "filters":{
                     "any_of":[
                        {
                           "test":"is_family",
                           "subject":"other",
                           "value":"cat"
                        }
                     ]
                  },
                  "max_dist":25,
                  "walk_speed_multiplier":1.0,
                  "sprint_speed_multiplier":1.0
               }
            ]
         },
         "minecraft:behavior.hurt_by_target":{
            "priority":1
         },
         "minecraft:follow_range":{
            "value":150,
            "max":150
         },
         "minecraft:despawn":{
            "despawn_from_distance":{
               
            }
         },
         "minecraft:behavior.look_at_player":{
            "priority":7,
            "look_distance":6.0,
            "probability":0.02
         },
         "minecraft:behavior.random_look_around":{
            "priority":9
         },
         "minecraft:behavior.float":{
            "priority":0
         },
         "minecraft:behavior.nearest_attackable_target":{
            "priority":3,
            "must_see":false,
            "reselect_targets":true,
            "within_radius":150.0,
            "must_see_forget_duration":17.0,
            "entity_types":[
               {
                  "filters":{
                     "any_of":[
                        {
                           "test":"is_family",
                           "subject":"other",
                           "value":"player"
                        },
                        {
                           "test":"is_family",
                           "subject":"other",
                           "value":"mynpc"
                        },
                        {
                           "test":"is_family",
                           "subject":"other",
                           "value":"four"
                        },
                        {
                           "test":"is_family",
                           "subject":"other",
                           "value":"hidden"
                        }
                     ]
                  },
                  "max_dist":150
               }
            ]
         },
         "minecraft:behavior.random_stroll":{
            "priority":4,
            "speed_multiplier":1.0
         },
         "minecraft:persistent":{
            
         },
         "minecraft:on_hurt":{
            "event":"on:hurt",
            "target":"self"
         },
         "minecraft:on_hurt_by_player":{
            "event":"on:hurt_by_player",
            "target":"self"
         },
         "minecraft:pushable":{
            "is_pushable":true,
            "is_pushable_by_piston":true
         },
         "minecraft:physics":{
            
         }
      },
      "events":{
         "minecraft:entity_spawned":{
            "add":{
               "component_groups":[
                  "true:baby"
               ]
            }
         },
         "minecraft:entity_transformed":{
            "add":{
               "component_groups":[
                  "true:baby"
               ]
            }
         },
         "on:hurt":{
            "run_command":{
               "command":[
                  "execute @s ~ ~ ~ particle true:blood_splash_particle ^ ^1 ^",
                  "execute @s ~ ~ ~ particle true:blood_splash_particle ^ ^2 ^"
               ]
            }
         },
         "on:hurt_by_player":{
            "run_command":{
               "command":[
                  "execute @s ~ ~ ~ particle true:blood_splash_particle ^ ^1 ^",
                  "execute @s ~ ~ ~ particle true:blood_splash_particle ^ ^2 ^"
               ]
            }
         }
      }
   }
}