{
  "format_version": "1.13.0",
  "minecraft:feature_rules": {
    "description": {
      "identifier": "minecraft:sand_shop_feature_rule",
      "places_feature": "minecraft:sand_shop_feature_mcstructure"
    },
    "conditions": {
      "placement_pass": "surface_pass",
      "minecraft:biome_filter": [
        {
          "all_of": [
            {
              "any_of": [
                {
                  "test": "has_biome_tag",
                  "operator": "==",
                  "value": "desert"
                }
             
              ]
            }
          ]
        }
      ]
    },
    "distribution": {
      "iterations": 1,
      "scatter_chance": 0.20,
      "x": 0,
      "y": "query.heightmap(variable.worldx, variable.worldz) - 1",
      "z": 0
    }
  }
}