{
   "format_version":"1.13.0",
   "minecraft:feature_rules":{
      "description":{
         "identifier":"minecraft:submarine_feature_rule",
         "places_feature":"minecraft:submarine_feature_mcstructure"
      },
      "conditions":{
         "placement_pass":"surface_pass",
         "minecraft:biome_filter":[
            {
               "all_of":[
                  {
                     "any_of":[
                        {
                           "test":"has_biome_tag",
                           "operator":"==",
                           "value":"ocean"
                        }
                     ]
                  }
               ]
            }
         ]
      },
      "distribution":{
         "iterations":1,
         "scatter_chance":0.12,
         "x":{
            "distribution":"uniform",
            "extent":[
               0,
               16
            ]
         },
         "y":"query.above_top_solid(variable.worldx, variable.worldz)",
         "z":{
            "distribution":"uniform",
            "extent":[
               0,
               16
            ]
         }
      }
   }
}