{
   "format_version":"1.13.0",
   "minecraft:feature_rules":{
      "description":{
         "identifier":"minecraft:tube_feature_rule",
         "places_feature":"minecraft:tube_feature_mcstructure"
      },
      "conditions":{
         "placement_pass":"underground_pass",
         "minecraft:biome_filter":[
            {
               "any_of":[
                  {
                     "test":"has_biome_tag",
                     "operator":"==",
                     "value":"animal"
                  }
                
               ]
            }
         ]
      },
      "distribution":{
         "iterations":1,
         "scatter_chance": 2.50, 
         "coordinate_eval_order":"zyx",
         "x":{
            "distribution":"uniform",
            "extent":[
               0,
               16
            ]
         },
         "y":{
            "distribution":"uniform",
            "extent":[
               0,
               10
            ]
         },
         "z":{
            "distribution":"uniform",
            "extent":[
               0,
               16
            ]
         }
      }
   }
}