{
   "format_version":"1.12",
   "minecraft:recipe_shaped":{
      "description":{
         "identifier":"true:sentry_ammo"
      },
      "tags":[
         "ammo_table"
      ],
      "pattern":[
         "###",
         "###",
         " A "
      ],
      "key":{
         "#":{
            "item":"true:bullets_762mm"
         },
         "A":{
            "item":"true:sentry_gun_bullet_case_empty"
            
         }
      
      },
      "result":{
         "item":"true:sentry_gun_bullet_case_full",
         "count":1
      }
   }
}