{
    "format_version":"1.12",
    "minecraft:recipe_shapeless":{
        "description":{
            "identifier":"true:magnum_empty_to_magnum"
        },
        "tags":[
            "crafting_table"
        ],
        "ingredients":[
            {
                "item":"true:magnum_357_empty"
            },
            {
                "item":"true:magnum_357_ammo"
            }
           
            
           
        ],
        "result":{
            "item":"true:magnum_357",
            "count":1
        }
    }
}