{
    "format_version":"1.12",
    "minecraft:recipe_shapeless":{
        "description":{
            "identifier":"true:flare_gun"
        },
        "tags":[
            "crafting_table"
        ],
        "ingredients":[
            {
                "item":"true:flare_gun"
            },
            {
                "item":"true:flare_shell"
            }
           
            
           
        ],
        "result":{
            "item":"true:flare_gun",
            "count":1
        }
    }
}