{
   "format_version":"1.16.100",
   "minecraft:item":{
      "description":{
         "identifier":"true:flesh_chestplate",
         "category":"equipment"
      },
      "components":{
         "minecraft:creative_category":{
            "parent":"itemGroup.name.chestplate"
         },
         "minecraft:icon":{
            "texture":"flesh_chestplate",
            "frame":0
         },
         "minecraft:display_name":{
            "value":"Rotton Flesh Chestplate"
         },
         "minecraft:max_stack_size":1,
         "minecraft:durability":{
            "max_durability":5,
            "damage_chance":{
               "min":1,
               "max":2
            }
         },
         "minecraft:armor":{
            "protection":2
         },
         "minecraft:wearable":{
            "slot":"slot.armor.chest"
         }
      }
   }
}