{
    "format_version":"1.12",
    "minecraft:recipe_shapeless":{
        "description":{
            "identifier":"true:p92_empty_to_p92"
        },
        "tags":[
            "crafting_table"
        ],
        "ingredients":[
            {
                "item":"true:p92_empty"
            },
            {
                "item":"true:p92_ammo"
            }
           
            
           
        ],
        "result":{
            "item":"true:p92",
            "count":1
        }
    }
}