{
   "format_version":"1.12",
   "minecraft:recipe_shaped":{
      "description":{
         "identifier":"true:p92_extended_ammo"
      },
      "tags":[
         "ammo_table"
      ],
      "pattern":[
         "###",
         " # ",
         " A "
      ],
      "key":{
         "#":{
            "item":"true:bullets_9mm"
         },
         "A":{
            "item":"true:p92_extended_ammo_empty"
            
         }
      
      },
      "result":{
         "item":"true:p92_extended_ammo",
         "count":1
      }
   }
}