{
    "format_version":"1.12",
    "minecraft:recipe_shapeless":{
        "description":{
            "identifier":"true:m416_empty_to_m416_extended"
        },
        "tags":[
            "crafting_table"
        ],
        "ingredients":[
            {
                "item":"true:m416_empty"
            },
            {
                "item":"true:m416_extended_ammo"
            }
           
            
           
        ],
        "result":{
            "item":"true:m416_extended",
            "count":1
        }
    }
}