{
   "pools":[
      {
         "rolls":{
            "min":3,
            "max":7
         },
         "entries":[
            {
               "type":"item",
               "name":"true:iron_carving_knife",
               "weight":100
            },
            {
               "type":"item",
               "name":"true:gold_carving_knife",
               "weight":12
            },
            {
               "type":"item",
               "name":"true:iron_cleaver",
               "weight":100
            },
            {
               "type":"item",
               "name":"true:gold_cleaver",
               "weight":12
            },
            {
               "type":"item",
               "name":"true:p92",
               "weight":39
            },
            {
               "type":"item",
               "name":"true:s1897",
               "weight":39
            },
            {
               "type":"item",
               "name":"true:magnum_357",
               "weight":32
            },
            {
               "type":"item",
               "name":"true:scar",
               "weight":29
            },
            {
               "type":"item",
               "name":"true:m416",
               "weight":29
            },
            {
               "type":"item",
               "name":"true:vss",
               "weight":19
            },
            {
               "type":"item",
               "name":"true:mg3",
               "weight":11
            },
            {
               "type":"item",
               "name":"true:metal_bat",
               "weight":29
            },
            {
               "type":"item",
               "name":"true:black_metal_bat",
               "weight":29
            },
            {
               "type":"item",
               "name":"true:wooden_bat",
               "weight":39
            },
            {
               "type":"item",
               "name":"true:new_machete",
               "weight":42
            },
            {
               "type":"item",
               "name":"true:used_machete",
               "weight":76
            },
            {
               "type":"item",
               "name":"true:rusty_machete",
               "weight":98
            },
            {
               "type":"item",
               "name":"true:rusty_frying_pan",
               "weight":49
            },
            {
               "type":"item",
               "name":"true:cast_iron_frying_pan",
               "weight":39
            },
            {
               "type":"item",
               "name":"true:stainless_steel_frying_pan",
               "weight":39
            },
            {
               "type":"item",
               "name":"true:sentry_gun_bullet_case_full",
               "weight":83
            },
            {
               "type":"item",
               "name":"true:sentry_gun_barrel",
               "weight":87
            },
            {
               "type":"item",
               "name":"true:sentry_gun_base",
               "weight":88
            },
            {
               "type":"item",
               "name":"true:sentry_gun_laser",
               "weight":81
            },
            {
               "type":"item",
               "name":"true:land_mine_spawn_egg",
               "weight":61
            },
            {
               "type":"item",
               "name":"true:bag_spawn_egg",
               "weight":38
            },
            {
               "type":"item",
               "name":"true:backpack_spawn_egg",
               "weight":17
            },
            {
               "type":"item",
               "name":"true:night_vision_goggles",
               "weight":17
            },
            {
               "type":"item",
               "name":"true:water_lung",
               "weight":17
            },
            {
               "type":"item",
               "name":"true:body_armor_super_lightweight",
               "weight":90
            },
            {
               "type":"item",
               "name":"true:body_armor_lightweight",
               "weight":70
            },
            {
               "type":"item",
               "name":"true:body_armor_standard",
               "weight":50
            },
            {
               "type":"item",
               "name":"true:body_armor_heavy_duty",
               "weight":20
            },
            {
               "type":"item",
               "name":"true:body_armor_super_heavy_duty",
               "weight":10
            },
            {
               "type":"item",
               "name":"true:casing_mould_9mm",
               "weight":21
            },
            {
               "type":"item",
               "name":"true:casing_mould_556",
               "weight":18
            },
            {
               "type":"item",
               "name":"true:casing_mould_762",
               "weight":12
            },
            {
               "type":"item",
               "name":"true:foot_locker_spawn_egg",
               "weight":24
            },
            {
               "type":"item",
               "name":"true:padlock",
               "weight":23
            },
            {
               "type":"item",
               "name":"true:flare_shell",
               "weight":2
            },
            {
               "type":"item",
               "name":"true:flare_gun",
               "weight":1
            },
            {
               "type":"item",
               "name":"true:o2_canister",
               "weight":1
            }
         ]
      },
      {
         "rolls":{
            "min":2,
            "max":4
         },
         "entries":[
            {
               "type":"item",
               "name":"true:p92_ammo",
               "weight":50,
               "functions":[
                  {
                     "function":"set_count",
                     "count":{
                        "min":1,
                        "max":2
                     }
                  }
               ]
            },
            {
               "type":"item",
               "name":"true:p92_extended_ammo",
               "weight":20,
               "functions":[
                  {
                     "function":"set_count",
                     "count":{
                        "min":1,
                        "max":2
                     }
                  }
               ]
            },
            {
               "type":"item",
               "name":"true:s1897_shells",
               "weight":50,
               "functions":[
                  {
                     "function":"set_count",
                     "count":{
                        "min":1,
                        "max":2
                     }
                  }
               ]
            },
            {
               "type":"item",
               "name":"true:magnum_357_ammo",
               "weight":50,
               "functions":[
                  {
                     "function":"set_count",
                     "count":{
                        "min":1,
                        "max":2
                     }
                  }
               ]
            },
            {
               "type":"item",
               "name":"true:scar_ammo",
               "weight":30,
               "functions":[
                  {
                     "function":"set_count",
                     "count":{
                        "min":1,
                        "max":2
                     }
                  }
               ]
            },
            {
               "type":"item",
               "name":"true:scar_extended_ammo",
               "weight":10,
               "functions":[
                  {
                     "function":"set_count",
                     "count":{
                        "min":1,
                        "max":2
                     }
                  }
               ]
            },
            {
               "type":"item",
               "name":"true:m416_ammo",
               "weight":30,
               "functions":[
                  {
                     "function":"set_count",
                     "count":{
                        "min":1,
                        "max":2
                     }
                  }
               ]
            },
            {
               "type":"item",
               "name":"true:m416_extended_ammo",
               "weight":10,
               "functions":[
                  {
                     "function":"set_count",
                     "count":{
                        "min":1,
                        "max":2
                     }
                  }
               ]
            },
            {
               "type":"item",
               "name":"true:vss_ammo",
               "weight":20,
               "functions":[
                  {
                     "function":"set_count",
                     "count":{
                        "min":1,
                        "max":2
                     }
                  }
               ]
            },
            {
               "type":"item",
               "name":"true:vss_extended_ammo",
               "weight":5,
               "functions":[
                  {
                     "function":"set_count",
                     "count":{
                        "min":1,
                        "max":2
                     }
                  }
               ]
            },
            {
               "type":"item",
               "name":"true:mg3_ammo",
               "weight":3,
               "functions":[
                  {
                     "function":"set_count",
                     "count":{
                        "min":1,
                        "max":2
                     }
                  }
               ]
            },
            {
               "type":"item",
               "name":"true:energy_drink",
               "weight":98,
               "functions":[
                  {
                     "function":"set_count",
                     "count":{
                        "min":1,
                        "max":2
                     }
                  }
               ]
            },
            {
               "type":"item",
               "name":"true:aspirin",
               "weight":76,
               "functions":[
                  {
                     "function":"set_count",
                     "count":{
                        "min":1,
                        "max":1
                     }
                  }
               ]
            },
            {
               "type":"item",
               "name":"true:bandage",
               "weight":38,
               "functions":[
                  {
                     "function":"set_count",
                     "count":{
                        "min":1,
                        "max":1
                     }
                  }
               ]
            },
            {
               "type":"item",
               "name":"true:first_aid_kit",
               "weight":21,
               "functions":[
                  {
                     "function":"set_count",
                     "count":{
                        "min":1,
                        "max":1
                     }
                  }
               ]
            }
         ]
      }
   ]
}