{
   "pools":[
      {
         "rolls":{
            "min":2,
            "max":5
         },
         "entries":[
            {
               "type":"item",
               "name":"true:lynx_africa_deodorant",
               "weight":110
            },
            {
               "type":"item",
               "name":"minecraft:iron_ingot",
               "weight":110
            },
            {
               "type":"item",
               "name":"true:tresemme_shampoo",
               "weight":80
            },
            {
               "type":"item",
               "name":"true:lemon_original_source_shower_gel",
               "weight":50
            },
            {
               "type":"item",
               "name":"true:colgate_toothpaste",
               "weight":20
            },
            {
               "type":"item",
               "name":"true:gillette_shaving_foam",
               "weight":20
            },
            {
               "type":"item",
               "name":"minecraft:gold_ingot",
               "weight":20
            },
            {
               "type":"item",
               "name":"true:air_pump",
               "weight":15
            },
            {
               "type":"item",
               "name":"true:deck_of_cards",
               "weight":10
            },
            {
               "type":"item",
               "name":"minecraft:diamond",
               "weight":10
            },
            {
               "type":"item",
               "name":"true:andrex_toiletroll",
               "weight":5
            }
         ]
      }
   ]
}