{
   "pools":[
      {
         "rolls":{
            "min":2,
            "max":4
         },
         "entries":[
            {
               "type":"item",
               "name":"true:tin_of_beans",
               "weight":50,
               "functions":[
                  {
                     "function":"set_count",
                     "count":{
                        "min":1,
                        "max":2
                     }
                  }
               ]
            },
            {
               "type":"item",
               "name":"true:tin_of_spaghetti_hoops",
               "weight":50,
               "functions":[
                  {
                     "function":"set_count",
                     "count":{
                        "min":1,
                        "max":2
                     }
                  }
               ]
            },
            {
               "type":"item",
               "name":"true:tin_of_spam",
               "weight":50,
               "functions":[
                  {
                     "function":"set_count",
                     "count":{
                        "min":1,
                        "max":2
                     }
                  }
               ]
            },
            {
               "type":"item",
               "name":"true:tin_of_tomato_soup",
               "weight":50,
               "functions":[
                  {
                     "function":"set_count",
                     "count":{
                        "min":1,
                        "max":2
                     }
                  }
               ]
            },
            {
               "type":"item",
               "name":"true:tin_of_mushroom_soup",
               "weight":50,
               "functions":[
                  {
                     "function":"set_count",
                     "count":{
                        "min":1,
                        "max":2
                     }
                  }
               ]
            },
            {
               "type":"item",
               "name":"true:tin_of_vegetable_soup",
               "weight":50,
               "functions":[
                  {
                     "function":"set_count",
                     "count":{
                        "min":1,
                        "max":2
                     }
                  }
               ]
            },
            {
               "type":"item",
               "name":"true:tin_of_chicken_soup",
               "weight":50,
               "functions":[
                  {
                     "function":"set_count",
                     "count":{
                        "min":1,
                        "max":2
                     }
                  }
               ]
            },
            {
               "type":"item",
               "name":"true:tin_of_tuna",
               "weight":50,
               "functions":[
                  {
                     "function":"set_count",
                     "count":{
                        "min":1,
                        "max":2
                     }
                  }
               ]
            },
            {
               "type":"item",
               "name":"true:holy_bible",
               "weight":20
            },
            {
               "type":"item",
               "name":"true:toblerone",
               "weight":1
            }
         ]
      }
   ]
}