{
   "pools":[
      {
         "rolls":{
            "min":2,
            "max":3
         },
         "entries":[
            {
               "type":"item",
               "name":"true:vial_empty",
               "weight":120
            },
            {
               "type":"item",
               "name":"true:vial_blood",
               "weight":60
            },
            {
               "type":"item",
               "name":"true:vial_antidote",
               "weight":30
            },
            {
               "type":"item",
               "name":"true:o2_canister",
               "weight":5
            },
            {
               "type":"item",
               "name":"true:vortex_mixer_off_spawn_egg",
               "weight":10
            }
         ]
      }
   ]
}