{
   "format_version":"1.12.0",
   "minecraft:entity":{
      "description":{
         "identifier":"true:dingy_pop",
         "is_spawnable":false,
         "is_summonable":false,
         "is_experimental":false
      },
      "component_groups":{
         "from_explosion":{
            "minecraft:explode":{
               "fuse_length":{
                  "range_min":0.1,
                  "range_max":0.1
               },
               "fuse_lit":true,
               "power":1.0,
               "causes_fire":false
            }
         }
      },
      "components":{
         "minecraft:collision_box":{
            "width":1.0,
            "height":1.0
         },
         "minecraft:health":{
            "value":2,
            "max":2
         },
         "minecraft:scale":{
            "value":2.4
         },
         "minecraft:target_nearby_sensor":{
            "inside_range":60.0,
            "outside_range":70.0,
            "must_see":false,
            "on_inside_range":{
               "event":"from_explosion",
               "target":"self"
            }
         },
         "minecraft:behavior.nearest_attackable_target":{
            "priority":0,
            "must_see":false,
            "reselect_targets":true,
            "within_radius":20.0,
            "must_see_forget_duration":5.0,
            "entity_types":[
               {
                  "filters":{
                     "any_of":[
                        {
                           "test":"",
                           "subject":"other",
                           "value":""
                        },
                        {
                           "test":"is_family",
                           "subject":"other",
                           "value":"player"
                        },
                        {
                           "test":"is_family",
                           "subject":"other",
                           "value":"hidden"
                        }
                     ]
                  },
                  "max_dist":20
               }
            ]
         },
         "minecraft:physics":{
            
         },
         "minecraft:pushable":{
            "is_pushable":false,
            "is_pushable_by_piston":true
         },
         "minecraft:conditional_bandwidth_optimization":{
            
         }
      },
      "events":{
         "from_explosion":{
            "add":{
               "component_groups":[
                  "from_explosion"
               ]
            }
         }
      }
   }
}