{
   "format_version":"1.16.0",
   "minecraft:entity":{
      "description":{
         "identifier":"true:dingy_deflated",
         "is_spawnable":true,
         "is_summonable":true,
         "is_experimental":false
      },
      "component_groups":{
         "true:baby":{
            "minecraft:is_baby":{
               
            },
            "minecraft:interact":{
               "interactions":[
                  {
                     "on_interact":{
                        "filters":{
                           "all_of":[
                              {
                                 "test":"has_equipment",
                                 "subject":"other",
                                 "domain":"hand",
                                 "value":"true:air_pump"
                              },
                              {
                                 "test":"has_component",
                                 "operator":"!=",
                                 "value":"minecraft:transformation"
                              }
                           ]
                        },
                        "event":"true:start",
                        "target":"self"
                     },
                     "use_item":false,
                     "play_sounds":"saddle",
                     "interact_text":"action.interact.pump"
                  },
                  {
                     "spawn_items":{
                        "table":"loot_tables/dingy.json"
                     },
                     "on_interact":{
                        "filters":{
                           "all_of":[
                              {
                                 "test":"",
                                 "subject":"other",
                                 "domain":"hand",
                                 "value":""
                              },
                              {
                                 "test":"has_component",
                                 "operator":"!=",
                                 "value":"minecraft:transformation"
                              }
                           ]
                        },
                        "event":"true:collect",
                        "target":"self"
                     },
                     "use_item":false,
                    
                     "interact_text":"action.interact.collect_dingy"
                  }
               ]
            }
         },
         "true:starting":{
            "minecraft:transformation":{
               "into":"true:dingy"
            }
         },
         "true:popped":{
            "minecraft:transformation":{
               "into":"true:dingy_pop"
            }
         },
         "true:collected":{
            "minecraft:transformation":{
               "into":"true:despawn"
            }
         }
      },
      "components":{
         "minecraft:type_family":{
            "family":[
               "dingy"
            ]
         },
         "minecraft:collision_box":{
            "width":0.5,
            "height":0.5
         },
         "minecraft:health":{
            "value":10,
            "max":10
         },
         "minecraft:scale":{
            "value":1.0
         },
         "minecraft:behavior.float":{
            "priority":0
         },
         "minecraft:knockback_resistance":{
            "value":100,
            "max":100
         },
         "minecraft:damage_sensor":{
            "triggers":{
               "cause":"fall",
               "deals_damage":false
            }
         },
         "minecraft:physics":{
            
         }
      },
      "events":{
         "minecraft:entity_spawned":{
            "add":{
               "component_groups":[
                  "true:baby"
               ]
            }
         },
         "minecraft:entity_transformed":{
            "add":{
               "component_groups":[
                  "true:baby"
               ]
            }
         },
         "true:collect":{
            "remove":{
               "component_groups":[
                  "true:baby"
               ]
            },
            "add":{
               "component_groups":[
                  "true:collected"
               ]
            }
         },
         "true:start":{
            "sequence":[
               {
                  "add":{
                     
                  }
               },
               {
                  "randomize":[
                     {
                        "weight":32,
                        "add":{
                           "component_groups":[
                              "true:starting"
                           ]
                        },
                        "remove":{
                           "component_groups":[
                              "true:baby"
                           ]
                        }
                     },
                     {
                        "weight":24,
                        "add":{
                           "component_groups":[
                              "true:popped"
                           ]
                        },
                        "remove":{
                           "component_groups":[
                              "true:baby"
                           ]
                        }
                     }
                  ]
               }
            ]
         }
      }
   }
}