{
   "format_version":"1.16.0",
   "minecraft:entity":{
      "description":{
         "identifier":"true:dingy",
         "is_spawnable":false,
         "is_summonable":true,
         "is_experimental":false
      },
      "component_groups":{
         "true:baby":{
            "minecraft:is_baby":{
               
            },
            "minecraft:interact":{
               "interactions":[
                  {
                     "hurt_item":1,
                     "on_interact":{
                        "filters":{
                           "all_of":[
                              {
                                 "test":"has_equipment",
                                 "subject":"other",
                                 "domain":"hand",
                                 "value":"true:air_pump"
                              },
                              {
                                 "test":"has_component",
                                 "operator":"!=",
                                 "value":"minecraft:transformation"
                              }
                           ]
                        },
                        "event":"true:start",
                        "target":"self"
                     },
                     "use_item":false,
                     "play_sounds":"saddle",
                     "interact_text":"action.interact.pump"
                  }
               ]
            }
         },
         "true:starting":{
            "minecraft:transformation":{
               "into":"true:dingy_deflated"
            }
         },
         "true:death":{
            "minecraft:transformation":{
               "into":"true:dingy_pop"
            }
         }
      },
      "components":{
         "minecraft:type_family":{
            "family":[
               "dingy"
            ]
         },
         "minecraft:buoyant":{
            "base_buoyancy":1.0,
            "apply_gravity":true,
            "simulate_waves":true,
            "big_wave_probability":0.03,
            "big_wave_speed":10.0,
            "liquid_blocks":[
               "minecraft:water",
               "minecraft:flowing_water"
            ]
         },
         "minecraft:breathable":{
            "totalSupply":15,
            "suffocateTime":0,
            "breathesWater":true
         },
         "minecraft:collision_box":{
            "width":1.0,
            "height":1.0
         },
         "minecraft:health":{
            "value":20,
            "max":20
         },
         "minecraft:scale":{
            "value":2.4
         },
         "minecraft:movement":{
            "value":0.05
         },
         "minecraft:underwater_movement":{
            "value":0.8
         },
         "minecraft:navigation.generic":{
            "is_amphibious":true,
            "can_path_over_water":true,
            "can_swim":true,
            "can_walk":true,
            "can_breach":false,
            "can_sink":false
         },
         "minecraft:jump.static":{
            
         },
         "minecraft:movement.basic":{
            
         },
         "minecraft:rideable":{
            "seat_count":4,
            "controlling_seat":0,
            "family_types":[
               "player",
               "hidden",
               "apocalypse",
               "mob",
               "mynpc",
               "cured_adult",
               "cured_baby",
               "cured_child",
               "cured_teen",
               "priest",
               "priest_tamed"
            ],
            "interact_text":"action.interact.ride.horse",
            "pull_in_entities":true,
            "seats":[
               {
                  "position":[
                     0.2,
                     0.3,
                     0.20
                  ],
                  "min_rider_count":0,
                  "max_rider_count":4
               },
               {
                  "position":[
                     -0.2,
                     0.3,
                     0.20
                  ],
                  "min_rider_count":1,
                  "max_rider_count":4
               },
               {
                  "position":[
                     0.2,
                     0.3,
                     -0.3
                  ],
                  "min_rider_count":2,
                  "max_rider_count":4
               },
               {
                  "position":[
                     -0.2,
                     0.3,
                     -0.3
                  ],
                  "min_rider_count":3,
                  "max_rider_count":4
               }
            ]
         },
         "minecraft:input_ground_controlled":{
            
         },
         "minecraft:knockback_resistance":{
            "max":100,
            "value":100
         },
         "minecraft:behavior.float":{
            "priority":0
         },
         "minecraft:leashable":{
            "soft_distance":4.0,
            "hard_distance":6.0,
            "max_distance":10.0
         },
         "minecraft:on_death":{
            "event":"on:death",
            "target":"self"
         },
         "minecraft:on_hurt":{
            "event":"on:hurt",
            "target":"self"
         },
         "minecraft:on_hurt_by_player":{
            "event":"on:hurt_by_player",
            "target":"self"
         },
         "minecraft:pushable":{
            "is_pushable":true,
            "is_pushable_by_piston":true
         },
         "minecraft:physics":{
            
         }
      },
      "events":{
         "minecraft:entity_spawned":{
            "add":{
               "component_groups":[
                  "true:baby"
               ]
            }
         },
         "minecraft:entity_transformed":{
            "add":{
               "component_groups":[
                  "true:baby"
               ]
            }
         },
         "on:death":{
            "remove":{
               "component_groups":[
                  "true:baby"
               ]
            },
            "add":{
               "component_groups":[
                  "true:death"
               ]
            }
         },
         "on:hurt":{
            "run_command":{
               
            }
         },
         "on:hurt_by_player":{
            "run_command":{
               
            }
         },
         "true:start":{
            "remove":{
               "component_groups":[
                  "true:baby"
               ]
            },
            "add":{
               "component_groups":[
                  "true:starting"
               ]
            }
         }
      }
   }
}