{
   "format_version":"1.16.100",
   "minecraft:item":{
      "description":{
         "identifier":"true:stainless_steel_frying_pan",
         "category":"equipment"
      },
      "components":{
         "minecraft:max_stack_size":1,
         "minecraft:hand_equipped":true,
         "minecraft:durability":{
            "max_durability":20,
            "damage_chance":{
               "min":2,
               "max":3
            }
         },
         "minecraft:mining_speed":240,
         "minecraft:damage":30,
         "minecraft:icon":{
            "texture":"stainless_steel_frying_pan"
         },
         "minecraft:display_name":{
            "value":"Stainless Steel Frying Pan"
         },
         "minecraft:weapon":{
            "on_hurt_entity":{
               "event":"hurt"
            },
            "on_not_hurt_entity":{
               "event":"hurt"
            },
            "on_hit_block":{
               "event":"hurt"
            }
         },
         "minecraft:creative_category":{
            "parent":"itemGroup.name.equipment"
         }
      },
      "events":{
         "hurt":{
            "sequence":[
               {
                  "sequence":[
                     {
                        "damage":{
                           "type":"durability",
                           "amount":1,
                           "target":"self"
                        }
                     },
                     {
                        "run_command":{
                           "command":[
                              "playsound bat.metal @s ~ ~ ~"
                           ],
                           "target":"holder"
                        }
                     }
                  ]
               }
            ]
         }
      }
   }
}