{
   "format_version":"1.12",
   "minecraft:recipe_shaped":{
      "description":{
         "identifier":"true:bowl_of_rice"
      },
      "tags":[
         "crafting_table"
      ],
      "pattern":[
         "",
         "AAA",
         " # "
      ],
      "key":{
         "#":{
            "item":"minecraft:bowl"
         },
        "A":{
            "item":"true:rice"
         }
      
      },
      "result":{
         "item":"true:bowl_of_rice",
         "count":1
      }
   }
}