{
   "format_version":"1.12",
   "minecraft:recipe_shaped":{
      "description":{
         "identifier":"true:lucille_bat"
      },
      "tags":[
         "crafting_table"
      ],
      "pattern":[
         "A#A",
         "A#A",
         " # "
      ],
      "key":{
         "#":{
            "item":"minecraft:stick"
         },
        "A":{
            "item":"minecraft:iron_ingot"
         }
      
      },
      "result":{
         "item":"true:lucille_bat",
         "count":1
      }
   }
}