{
   "format_version":"1.12",
   "minecraft:recipe_shaped":{
      "description":{
         "identifier":"true:sentry_gun_empty"
      },
      "tags":[
         "crafting_table"
      ],
      "pattern":[
         "",
         "S# ",
         " W "
      ],
      "key":{
       
         "#":{
            "item":"true:sentry_gun_barrel"
            
         },
         "W":{
            "item":"true:sentry_gun_base"
            
         },
        "S":{
            "item":"true:sentry_gun_laser"
            
         }
      },
      "result":{
         "item":"true:sentry_gun_empty_spawn_egg",
         "count":1
      }
   }
}