{
   "format_version":"1.12",
   "minecraft:recipe_shaped":{
      "description":{
         "identifier":"true:vial_cure_unmixed"
      },
      "tags":[
         "crafting_table"
      ],
      "pattern":[
         "###",
         "#A#",
         "###"
      ],
      "key":{
         "#":{
            "item":"true:vial_blood"
         },
         "A":{
            "item":"true:vial_antidote"
         }
      },
      "result":{
         "item":"true:vial_cure_unmixed",
         "count":8
      }
   }
}