{
   "format_version":"1.16.0",
   "minecraft:entity":{
      "description":{
         "identifier":"true:zombie_dead_rot",
         "is_spawnable":false,
         "is_summonable":false,
         "is_experimental":false
      },
      "component_groups":{
         "true:baby":{
            "minecraft:is_baby":{
               
            },
            "minecraft:interact":{
               "interactions":[
                  {
                     "hurt_item":1,
                     "spawn_items":{
                        "table":"loot_tables/zombie_flesh.json"
                     },
                     "on_interact":{
                        "filters":{
                           "all_of":[
                              {
                                 "test":"has_equipment",
                                 "subject":"other",
                                 "domain":"hand",
                                 "value":"true:stone_carving_knife"
                              },
                              {
                                 "test":"has_component",
                                 "operator":"!=",
                                 "value":"minecraft:transformation"
                              }
                           ]
                        },
                        "event":"true:decomp",
                        "target":"self"
                     },
                     "use_item":false,
                     "play_sounds":"saddle",
                     "interact_text":"action.interact.dead"
                  },
                  {
                     "hurt_item":1,
                     "spawn_items":{
                        "table":"loot_tables/zombie_flesh.json"
                     },
                     "on_interact":{
                        "filters":{
                           "all_of":[
                              {
                                 "test":"has_equipment",
                                 "subject":"other",
                                 "domain":"hand",
                                 "value":"true:iron_carving_knife"
                              },
                              {
                                 "test":"has_component",
                                 "operator":"!=",
                                 "value":"minecraft:transformation"
                              }
                           ]
                        },
                        "event":"true:decomp",
                        "target":"self"
                     },
                     "use_item":false,
                     "play_sounds":"saddle",
                     "interact_text":"action.interact.dead"
                  },
                  {
                     "hurt_item":1,
                     "spawn_items":{
                        "table":"loot_tables/zombie_flesh.json"
                     },
                     "on_interact":{
                        "filters":{
                           "all_of":[
                              {
                                 "test":"has_equipment",
                                 "subject":"other",
                                 "domain":"hand",
                                 "value":"true:gold_carving_knife"
                              },
                              {
                                 "test":"has_component",
                                 "operator":"!=",
                                 "value":"minecraft:transformation"
                              }
                           ]
                        },
                        "event":"true:decomp",
                        "target":"self"
                     },
                     "use_item":false,
                     "play_sounds":"saddle",
                     "interact_text":"action.interact.dead"
                  },
                  {
                     "hurt_item":1,
                     "spawn_items":{
                        "table":"loot_tables/zombie_flesh.json"
                     },
                     "on_interact":{
                        "filters":{
                           "all_of":[
                              {
                                 "test":"has_equipment",
                                 "subject":"other",
                                 "domain":"hand",
                                 "value":"true:diamond_carving_knife"
                              },
                              {
                                 "test":"has_component",
                                 "operator":"!=",
                                 "value":"minecraft:transformation"
                              }
                           ]
                        },
                        "event":"true:decomp",
                        "target":"self"
                     },
                     "use_item":false,
                     "play_sounds":"saddle",
                     "interact_text":"action.interact.dead"
                  },
                  {
                     "hurt_item":1,
                     "spawn_items":{
                        "table":"loot_tables/zombie_flesh.json"
                     },
                     "on_interact":{
                        "filters":{
                           "all_of":[
                              {
                                 "test":"has_equipment",
                                 "subject":"other",
                                 "domain":"hand",
                                 "value":"true:netherite_carving_knife"
                              },
                              {
                                 "test":"has_component",
                                 "operator":"!=",
                                 "value":"minecraft:transformation"
                              }
                           ]
                        },
                        "event":"true:decomp",
                        "target":"self"
                     },
                     "use_item":false,
                     "play_sounds":"saddle",
                     "interact_text":"action.interact.dead"
                  }
                
               ]
            },
            "minecraft:damage_sensor":{
               "triggers":[
                  {
                     "on_damage":{
                        "filters":{
                           "test":"is_family",
                           "subject":"other",
                           "value":"player"
                        }
                     },
                     "deals_damage":false
                  }
               ]
            },
            "minecraft:ageable":{
               "duration":20,
               "grow_up":{
                  "event":"true:decomp",
                  "target":"self"
               }
            }
         },
         "true:decomp":{
            "minecraft:transformation":{
               "into":"true:zombie_skeleton"
            }
         }
      },
      "components":{
         "minecraft:type_family":{
            "family":[
               "flesh"
            ]
         },
         "minecraft:collision_box":{
            "width":0.5,
            "height":0.5
         },
         "minecraft:health":{
            "value":10,
            "max":10
         },
         "minecraft:scale":{
            "value":1.0
         },
         "minecraft:knockback_resistance":{
            "value":100,
            "max":100
         },
         "minecraft:physics":{
            
         }
      },
      "events":{
         "minecraft:entity_spawned":{
            "add":{
               "component_groups":[
                  "true:baby"
               ]
            }
         },
         "minecraft:entity_transformed":{
            "add":{
               "component_groups":[
                  "true:baby"
               ]
            }
         },
         "true:decomp":{
            "remove":{
               "component_groups":[
                  "true:baby"
               ]
            },
            "add":{
               "component_groups":[
                  "true:decomp"
               ]
            }
         }
      }
   }
}