{
   "format_version":"1.13.0",
   "minecraft:entity":{
      "description":{
         "identifier":"true:foot_locker",
         "is_spawnable":true,
         "is_summonable":true,
         "is_experimental":false
      },
      "component_groups":{
         "true:baby":{
            "minecraft:variant":{
               "value":1
            },
            "minecraft:is_baby":{
               
            }
         },
         "true:adult":{
            
         },
         "true:wild":{
            "minecraft:variant":{
               "value":0
            },
            "minecraft:interact":{
               "interactions":[
                  {
                     "spawn_items":{
                        "table":"loot_tables/foot_locker.json"
                     },
                     "on_interact":{
                        "filters":{
                           "all_of":[
                              {
                                 "test":"has_equipment",
                                 "subject":"other",
                                 "domain":"hand",
                                 "value":"true:crowbar"
                              },
                              {
                                 "test":"has_component",
                                 "operator":"!=",
                                 "value":"minecraft:transformation"
                              }
                           ]
                        },
                        "event":"true:collect",
                        "target":"self"
                     },
                     "use_item":false,
                     "play_sounds":"saddle",
                     "interact_text":"action.interact.collect_locker"
                  }
               ]
            },
            "minecraft:tameable":{
               "tame_items":"true:padlock",
               "probability":1,
               "tame_event":{
                  "event":"minecraft:on_tame",
                  "target":"self"
               }
            }
         },
         "true:tame":{
            "minecraft:is_tamed":{
               
            },
            "minecraft:health":{
               "value":999,
               "max":999
            },
            "minecraft:inventory":{
               "container_type":"minecart_chest",
               "inventory_size":28,
               "restrict_to_owner":true
            }
         },
         "true:despawn":{
            "minecraft:transformation":{
               "into":"true:despawn"
            }
         }
      },
      "components":{
         "minecraft:type_family":{
            "family":[
               "foot_locker"
            ]
         },
         "minecraft:collision_box":{
            "width":1.0,
            "height":1.0
         },
         "minecraft:health":{
            "value":999,
            "max":999
         },
         "minecraft:scale":{
            "value":1.0
         },
         "minecraft:nameable":{
            
         },
         "minecraft:movement":{
            "value":0.0
         },
         "minecraft:damage_sensor":{
            "triggers":[
               {
                  "on_damage":{
                     "filters":{
                        "test":"is_family",
                        "subject":"other",
                        "value":"player"
                     }
                  },
                  "deals_damage":false
               }
            ]
         },
         "minecraft:knockback_resistance":{
            "value":100,
            "max":100
         },
         "minecraft:physics":{
            
         },
         "minecraft:pushable":{
            "is_pushable":false,
            "is_pushable_by_piston":false
         }
      },
      "events":{
         "minecraft:entity_spawned":{
            "add":{
               "component_groups":[
                  "true:adult",
                  "true:wild"
               ]
            },
            "remove":{
               
            }
         },
         "minecraft:on_tame":{
            "remove":{
               "component_groups":[
                  "true:wild"
               ]
            },
            "add":{
               "component_groups":[
                  "true:tame",
                  "true:baby"
               ]
            }
         },
         "true:collect":{
            "remove":{
               "component_groups":[
                  
               ]
            },
            "add":{
               "component_groups":[
                  "true:despawn"
               ]
            }
         }
      }
   }
}