{
   "format_version":"1.16.0",
   "minecraft:entity":{
      "description":{
         "identifier":"true:gang_member",
         "is_spawnable":true,
         "is_summonable":true,
         "is_experimental":false
      },
      "component_groups":{
         "true:baby":{
            "minecraft:is_baby":{
               
            }
         },
         "true:dead":{
            "minecraft:transformation":{
               "into":"true:gang_member_turning"
            }
         }
      },
      "components":{
         "minecraft:type_family":{
            "family":[
               "mynpc"
            ]
         },
         "minecraft:collision_box":{
            "width":0.5,
            "height":1.5
         },
         "minecraft:break_blocks":{
            "breakable_blocks":[
               "minecraft:leaves"
            ]
         },
         "minecraft:health":{
            "value":30,
            "max":30
         },
         "minecraft:scale":{
            "value":1.0
         },
         "minecraft:hurt_on_condition":{
            "damage_conditions":[
               {
                  "filters":{
                     "test":"in_lava",
                     "subject":"self",
                     "operator":"==",
                     "value":true
                  },
                  "cause":"lava",
                  "damage_per_tick":4
               }
            ]
         },
         "minecraft:movement":{
            "value":0.3
         },
         "minecraft:navigation.climb":{
            "is_amphibious":true,
            "can_pass_doors":true,
            "can_walk":true,
            "can_break_doors":true
         },
         "minecraft:annotation.break_door":{
            "break_time":5,
            "min_difficulty":"easy"
         },
         "minecraft:jump.static":{
            
         },
         "minecraft:can_climb":{
            
         },
         "minecraft:movement.basic":{
            
         },
         "minecraft:attack":{
            "damage":4
         },
         "minecraft:behavior.hurt_by_target":{
            "priority":1
         },
         "minecraft:despawn":{
            "despawn_from_distance":{
               
            }
         },
         "minecraft:damage_sensor":{
            "triggers":[
               {
                  "on_damage":{
                     "filters":{
                        "any_of":[
                           {
                              "test":"is_family",
                              "subject":"other",
                              "value":"apocalypse"
                           }
                        ],
                        "all_of":[
                           {
                              "test":"has_damage",
                              "value":"fatal"
                           }
                        ]
                     },
                     "event":"true:dead_zombie"
                  }
               }
            ]
         },
         "minecraft:behavior.look_at_player":{
            "priority":7,
            "look_distance":6.0,
            "probability":0.02
         },
         "minecraft:behavior.random_look_around":{
            "priority":9
         },
         "minecraft:behavior.float":{
            "priority":0
         },
         "minecraft:behavior.nearest_attackable_target":{
            "priority":2,
            "must_see":false,
            "reselect_targets":true,
            "within_radius":64.0,
            "must_see_forget_duration":12.0,
            "entity_types":[
               {
                  "filters":{
                     "any_of":[
                        {
                           "test":"is_family",
                           "subject":"other",
                           "value":"player"
                        },
                        {
                           "test":"is_family",
                           "subject":"other",
                           "value":"apocalypse"
                        },
                     
                        {
                           "test":"is_family",
                           "subject":"other",
                           "value":"priest"
                        },
                        {
                           "test":"is_family",
                           "subject":"other",
                           "value":"hidden"
                        }
                     ]
                  },
                  "max_dist":64
               }
            ]
         },
         "minecraft:behavior.random_stroll":{
            "priority":4,
            "speed_multiplier":1.0
         },
         "minecraft:persistent":{
            
         },
         "minecraft:equip_item":{
            
         },
         "minecraft:equipment":{
            "table":"loot_tables/entities/gang_member_equipment.json"
         },
         "minecraft:behavior.melee_attack":{
            "priority":3,
            "target_dist":1.2,
            "track_target":false,
            "reach_multiplier":1.0,
            "speed_multiplier":1.0
         },
         "minecraft:on_death":{
            "event":"on:death",
            "target":"self"
         },
         "minecraft:on_hurt":{
            "event":"on:hurt",
            "target":"self"
         },
         "minecraft:on_hurt_by_player":{
            "event":"on:hurt_by_player",
            "target":"self"
         },
         "minecraft:pushable":{
            "is_pushable":true,
            "is_pushable_by_piston":true
         },
         "minecraft:physics":{
            
         }
      },
      "events":{
         "minecraft:entity_spawned":{
            "add":{
               "component_groups":[
                  "true:baby"
               ]
            }
         },
         "minecraft:entity_transformed":{
            "add":{
               "component_groups":[
                  "true:baby"
               ]
            }
         },
         "true:dead_zombie":{
            "remove":{
               "component_groups":[
                  "true:baby"
               ]
            },
            "add":{
               "component_groups":[
                  "true:dead"
               ]
            }
         },
         "on:hurt":{
            "run_command":{
               "command":[
                  "execute @s ~ ~ ~ particle true:blood_splash_particle ^ ^1 ^",
                  "execute @s ~ ~ ~ particle true:blood_splash_particle ^ ^2 ^",
                  "execute @p ~ ~ ~ playsound gang.hurt"
               ]
            }
         },
         "on:hurt_by_player":{
            "run_command":{
               "command":[
                  "execute @s ~ ~ ~ particle true:blood_splash_particle ^ ^1 ^",
                  "execute @s ~ ~ ~ particle true:blood_splash_particle ^ ^2 ^",
                  "execute @p ~ ~ ~ playsound gang.hurt"
               ]
            }
         }
      }
   }
}