{
   "format_version":"1.16.0",
   "minecraft:entity":{
      "description":{
         "identifier":"true:hazmat",
         "is_spawnable":true,
         "is_summonable":true,
         "is_experimental":false
      },
      "component_groups":{
         "true:baby":{
            "minecraft:is_baby":{
               
            }
         }
      },
      "components":{
         "minecraft:type_family":{
            "family":[
               "hazmat"
            ]
         },
         "minecraft:collision_box":{
            "width":0.5,
            "height":1.5
         },
         "minecraft:health":{
            "value":100,
            "max":100
         },
         "minecraft:scale":{
            "value":1.0
         },
         "minecraft:hurt_on_condition":{
            "damage_conditions":[
               {
                  "filters":{
                     "test":"in_lava",
                     "subject":"self",
                     "operator":"==",
                     "value":true
                  },
                  "cause":"lava",
                  "damage_per_tick":4
               }
            ]
         },
         "minecraft:movement":{
            "value":0.3
         },
         "minecraft:navigation.climb":{
            "is_amphibious":true,
            "can_pass_doors":true,
            "can_walk":true,
            "can_break_doors":true
         },
         "minecraft:jump.static":{
            
         },
         "minecraft:nameable":{
            
         },
         "minecraft:movement.basic":{
            
         },
         "minecraft:attack":{
            "damage":4
         },
         "minecraft:behavior.hurt_by_target":{
            "priority":1
         },
         "minecraft:despawn":{
            "despawn_from_distance":{
               
            }
         },
         "minecraft:economy_trade_table":{
            "table":"trading/economy_trades/hazmat.json"
         },
         "minecraft:behavior.trade_with_player":{
            "priority":1
         },
         "minecraft:behavior.trade_interest":{
            "priority":3,
            "within_radius":6.0,
            "interest_time":45.0,
            "remove_item_time":1.0,
            "carried_item_switch_time":2.0,
            "cooldown":2.0
         },
         "minecraft:behavior.look_at_trading_player":{
            "priority":4
         },
         "minecraft:behavior.look_at_player":{
            "priority":7,
            "look_distance":6.0,
            "probability":0.02
         },
         "minecraft:behavior.random_look_around":{
            "priority":9
         },
         "minecraft:behavior.float":{
            "priority":0
         },
         "minecraft:behavior.random_stroll":{
            "priority":4,
            "speed_multiplier":1.0
         },
         "minecraft:persistent":{
            
         },
         "minecraft:equip_item":{
            
         },
         "minecraft:break_blocks":{
            "breakable_blocks":[
               "minecraft:leaves"
            ]
         },
         "minecraft:equipment":{
            "table":"loot_tables/entities/hazmat_equipment.json"
         },
         "minecraft:behavior.melee_attack":{
            "priority":3,
            "target_dist":1.2,
            "track_target":false,
            "reach_multiplier":1.0,
            "speed_multiplier":1.0
         },
         "minecraft:pushable":{
            "is_pushable":true,
            "is_pushable_by_piston":true
         },
         "minecraft:physics":{
            
         },
         "minecraft:on_death":{
            "event":"on:death",
            "target":"self"
         },
         "minecraft:on_hurt":{
            "event":"on:hurt",
            "target":"self"
         },
         "minecraft:on_hurt_by_player":{
            "event":"on:hurt_by_player",
            "target":"self"
         }
      },
      "events":{
         "minecraft:entity_spawned":{
            "add":{
               "component_groups":[
                  "true:baby"
               ]
            }
         },
         "minecraft:entity_transformed":{
            "add":{
               "component_groups":[
                  "true:baby"
               ]
            }
         },
         "true:dead_zombie":{
            "remove":{
               "component_groups":[
                  "true:baby"
               ]
            },
            "add":{
               "component_groups":[
                  "true:dead"
               ]
            }
         },
         "on:hurt":{
            "run_command":{
               "command":[
                  "execute @s ~ ~ ~ particle true:blood_splash_particle ^ ^1 ^",
                  "execute @s ~ ~ ~ particle true:blood_splash_particle ^ ^2 ^",
                  "execute @p ~ ~ ~ playsound male.hurt"
               ]
            }
         },
         "on:hurt_by_player":{
            "run_command":{
               "command":[
                  "execute @s ~ ~ ~ particle true:blood_splash_particle ^ ^1 ^",
                  "execute @s ~ ~ ~ particle true:blood_splash_particle ^ ^2 ^",
                  "execute @p ~ ~ ~ playsound male.hurt"
               ]
            }
         }
      }
   }
}