{
   "format_version":"1.13.0",
   "minecraft:entity":{
      "description":{
         "identifier":"true:survivor_male",
         "is_spawnable":true,
         "is_summonable":true,
         "is_experimental":false
      },
      "component_groups":{
         "true:baby":{
            "minecraft:is_baby":{
               
            }
         },
         "true:adult":{
            
         },
         "true:wild":{
            "minecraft:tameable":{
               "tame_items":"true:tin_of_beans",
               "probability":1,
               "tame_event":{
                  "event":"minecraft:on_tame",
                  "target":"self"
               }
            }
         },
         "true:tame":{
            "minecraft:is_tamed":{
               
            },
            "minecraft:health":{
               "value":30,
               "max":30
            },
            "minecraft:healable":{
               "items":[
                  {
                     "item":"true:tin_of_beans",
                     "heal_amount":15
                  },
                  {
                     "item":"true:tin_of_spaghetti_hoops",
                     "heal_amount":15
                  },
                  {
                     "item":"true:tin_of_spam",
                     "heal_amount":15
                  },
                  {
                     "item":"true:tin_of_tuna",
                     "heal_amount":15
                  },
                  {
                     "item":"true:tin_of_vegetable_soup",
                     "heal_amount":15
                  },
                  {
                     "item":"true:tin_of_tomato_soup",
                     "heal_amount":15
                  },
                  {
                     "item":"true:tin_of_chicken_soup",
                     "heal_amount":15
                  },
                  {
                     "item":"true:tin_of_mushroom_soup",
                     "heal_amount":15
                  }
               ]
            },
            "minecraft:persistent":{
               
            },
            "minecraft:behavior.follow_owner":{
               "priority":4,
               "speed_multiplier":1.0,
               "start_distance":10,
               "stop_distance":3
            },
            "minecraft:attack":{
               "damage":3
            },
            "minecraft:behavior.owner_hurt_by_target":{
               "priority":1
            },
            "minecraft:behavior.owner_hurt_target":{
               "priority":2
            }
         },
         "true:dead":{
            "minecraft:transformation":{
               "into":"true:survivor_male_turning",
               "keep_owner":false
            }
         }
      },
      "components":{
         "minecraft:type_family":{
            "family":[
               "mynpc"
            ]
         },
         "minecraft:breathable":{
            "total_supply":15,
            "suffocate_time":0,
            "breathes_air":true,
            "breathes_water":false
         },
         "minecraft:collision_box":{
            "width":0.7,
            "height":1.5
         },
         "minecraft:health":{
            "value":30,
            "max":30
         },
         "minecraft:scale":{
            "value":1.0
         },
         "minecraft:break_blocks":{
            "breakable_blocks":[
               "minecraft:leaves"
            ]
         },
         "minecraft:nameable":{
            
         },
         "minecraft:hurt_on_condition":{
            "damage_conditions":[
               {
                  "filters":{
                     "test":"in_lava",
                     "subject":"self",
                     "operator":"==",
                     "value":true
                  },
                  "cause":"lava",
                  "damage_per_tick":4
               }
            ]
         },
         "minecraft:behavior.nearest_attackable_target":{
            "priority":3,
            "must_see":false,
            "reselect_targets":true,
            "within_radius":20.0,
            "must_see_forget_duration":4.0,
            "entity_types":[
               {
                  "filters":{
                     "any_of":[
                        {
                           "test":"is_family",
                           "subject":"other",
                           "value":"apocalypse"
                        }
                     ]
                  },
                  "max_dist":20
               }
            ]
         },
         "minecraft:movement":{
            "value":0.3
         },
         "minecraft:navigation.walk":{
            "can_path_over_water":true,
            "avoid_water":true,
            "avoid_damage_blocks":true
         },
         "minecraft:movement.basic":{
            
         },
         "minecraft:jump.static":{
            
         },
         "minecraft:can_climb":{
            
         },
         "minecraft:economy_trade_table":{
            "table":"trading/economy_trades/survivor_male.json"
         },
         "minecraft:behavior.trade_with_player":{
            "priority":1
         },
         "minecraft:behavior.trade_interest":{
            "priority":3,
            "within_radius":6.0,
            "interest_time":45.0,
            "remove_item_time":1.0,
            "carried_item_switch_time":2.0,
            "cooldown":2.0
         },
         "minecraft:behavior.look_at_trading_player":{
            "priority":4
         },
         "minecraft:attack":{
            "damage":3
         },
         "minecraft:behavior.melee_attack":{
            "priority":3,
            "target_dist":1.2,
            "track_target":false,
            "reach_multiplier":1.0,
            "speed_multiplier":1.0
         },
         "minecraft:behavior.look_at_player":{
            "priority":4,
            "look_distance":6.0,
            "probability":0.02
         },
         "minecraft:behavior.random_look_around":{
            "priority":9
         },
         "minecraft:behavior.float":{
            "priority":0
         },
         "minecraft:damage_sensor":{
            "triggers":[
               {
                  "on_damage":{
                     "filters":{
                        "any_of":[
                           {
                              "test":"is_family",
                              "subject":"other",
                              "value":"apocalypse"
                           }
                        ],
                        "all_of":[
                           {
                              "test":"has_damage",
                              "value":"fatal"
                           }
                        ]
                     },
                     "event":"true:dead_zombie"
                  }
               }
            ]
         },
         "minecraft:equip_item":{
            
         },
         "minecraft:equipment":{
            "table":"loot_tables/entities/survivor_male_equipment.json"
         },
         "minecraft:behavior.random_stroll":{
            "priority":7,
            "speed_multiplier":1.0
         },
         "minecraft:behavior.hurt_by_target":{
            "priority":1
         },
         "minecraft:on_death":{
            "event":"on:death",
            "target":"self"
         },
         "minecraft:on_hurt":{
            "event":"on:hurt",
            "target":"self"
         },
         "minecraft:on_hurt_by_player":{
            "event":"on:hurt_by_player",
            "target":"self"
         },
         "minecraft:physics":{
            
         },
         "minecraft:pushable":{
            "is_pushable":true,
            "is_pushable_by_piston":true
         }
      },
      "events":{
         "minecraft:entity_spawned":{
            "add":{
               "component_groups":[
                  "true:adult",
                  "true:wild"
               ]
            },
            "remove":{
               
            }
         },
         "true:dead_zombie":{
            "remove":{
               "component_groups":[
                  "true:baby"
               ]
            },
            "add":{
               "component_groups":[
                  "true:dead"
               ]
            }
         },
         "minecraft:on_tame":{
            "remove":{
               "component_groups":[
                  "true:wild"
               ]
            },
            "add":{
               "component_groups":[
                  "true:tame",
                  "true:baby"
               ]
            }
         },
         "minecraft:become_angry":{
            "remove":{
               "component_groups":[
                  "true:wild"
               ]
            },
            "add":{
               "component_groups":[
                  "true:angry"
               ]
            }
         },
         "minecraft:on_calm":{
            "remove":{
               "component_groups":[
                  "true:angry"
               ]
            },
            "add":{
               "component_groups":[
                  "true:wild"
               ]
            }
         },
         "minecraft:entity_transformed":{
            "remove":{
               
            },
            "add":{
               "component_groups":[
                  "true:baby",
                  "true:tame"
               ]
            }
         },
         "on:hurt":{
            "run_command":{
               "command":[
                  "execute @s ~ ~ ~ particle true:blood_splash_particle ^ ^1 ^",
                  "execute @s ~ ~ ~ particle true:blood_splash_particle ^ ^2 ^",
                  "execute @p ~ ~ ~ playsound male.hurt"
               ]
            }
         },
         "on:hurt_by_player":{
            "run_command":{
               "command":[
                  "execute @s ~ ~ ~ particle true:blood_splash_particle ^ ^1 ^",
                  "execute @s ~ ~ ~ particle true:blood_splash_particle ^ ^2 ^",
                  "execute @p ~ ~ ~ playsound male.hurt"
               ]
            }
         }
      }
   }
}